sku,title,description,wholesale_price,retail_price,market_price,stock,availability,weight_kg,item_code,barcode,images,categories,dimensions
0509373,ΚΟΥΚΕΤΑ ΚΡΕΒΑΤΙ ΜΕΤΑΛΛΙΚΗ FLOOR HM328.01 90x190 εκ.,"Κουκέτα μεταλλική σε μαύρο χρώμα.<br />
Διαστάσεις στρώματος: 90x190 εκ.<br />
Διαστάσεις κουκέτα: 200x91,5x177,5 ύψος εκ.<br />
H κουκέτα γίνεται και 2 μονά κρεβάτια.<br />
<br />
Στη τιμή συμπεριλαμβάνονται και οι μεταλλικοί σουμιέδες για την στήριξη των στρωμάτων.<br />
<br />
Παρατηρήσεις.<br />
1) Η κουκέτα διατίθεται σε πακέτο.<br />
2) Στη τιμή δεν συμπεριλαμβάνονται τα στρώματα.",110,169.15,219.89,21,Διαθέσιμο,40,HM328.01,5208067032841,https://www.b2bmarkt.gr/img/prd/o/52173/koyketa-krebati-metalliki-fb932801-90x19.jpg; https://www.b2bmarkt.gr/img/prd/o/52173/koyketa-krebati-metalliki-fb932801-90x19-1.jpg,[L] Εσωτερικός χώρος > [L] Παιδικό δωμάτιο > [L] Κουκέτες,L:1.95 W:0.95 H:0.15 Weight:40kg Vol:0.278m3
9996923,"ΚΟΥΚΕΤΑ FLOOR HM21122 ΜΕΤΑΛΛΙΚΗ ΜΑΥΡΗ ΜΕ 2 ΕΠΙΔΑΠΕΔΙΑ ΣΥΡΤΑΡΙΑ ΚΑΦΕ 200x91,5x177,5Yεκ.","Σας παρουσιάζουμε τo κρεβάτι-κουκέτα FLOOR που είναι εξολοκλήρου μεταλλικό σε ΜΑΥΡΟ χρώμα. Η πρόσβαση στο επάνω κρεβάτι γίνεται με μια όμορφη μεταλλική σκάλα που τοποθετείται βιδωτή στον σκελετό. Στο επάνω κρεβάτι υπάρχει πλαϊνό προστατευτικό κάγκελο που προσφέρει ασφάλεια από πτώσεις. Η πρακτικότητά του τονίζεται ακόμα περισσότερο χάρη στα δύο συρτάρια δαπέδου με ροδάκια, που τοποθετούνται κάτω από το κρεβάτι, και διαθέτουν όμορφη πρόσοψη μελαμίνης σε ΚΑΦΕ χρώμα. Μια πανέμορφη κατασκευή που θα σας ενθουσιάσει!<br />
<br />
--Η κουκέτα γίνεται και 2 μονά κρεβάτια<br />
--Στην τιμή περιλαμβάνονται και οι μεταλλικές δοκοί στήριξης των στρωμάτων<br />
<br />
ΔΙΑΣΤΑΣΕΙΣ:<br />
Συνολικές: 200x91,5x177,5Y εκ.<br />
Διαστάσεις συρταριών: 92x53x30Υ εκ.<br />
Εσωτερικές διαστάσεις: 74x50x13Υ εκ.<br />
Διαστάσεις στρωμάτων: 190Χ90 εκ.<br />
<br />
ΣΥΝΤΗΡΗΣΗ:<br />
Το μόνο που χρειάζεται το κρεβάτι είναι ένα ξεσκόνισμα και εάν το θελήσετε ένα πέρασμα με ένα υγρό πανάκι και να είστε σίγουροι ότι θα το έχετε για πολλά χρόνια.<br />
<br />
*Το προϊόν παραδίδεται αμοντάριστο σε εργοστασιακές συσκευασίες με οδηγίες συναρμολόγησης<br />
** Η χρωματική απόδοση του προϊόντος ενδέχεται να διαφέρει ελαφρώς από τη φωτογραφική του αναπαράσταση στην οθόνη σας.",134.6999969,207.4,279.89,21,Διαθέσιμο,49.5,HM21122,,https://www.b2bmarkt.gr/img/prd/o/74472/koyketa-fb921122-metalliki-mayri-me-epid.jpg; https://www.b2bmarkt.gr/img/prd/o/74472/koyketa-fb921122-metalliki-mayri-me-epid-1.jpg,[L] Εσωτερικός χώρος > [L] Παιδικό δωμάτιο > [L] Κουκέτες,L:1.95 W:0.95 H:0.15 Weight:40kg Vol:0.278m3
9996924,"ΚΟΥΚΕΤΑ FLOOR HM21122.01 ΜΕΤΑΛΛΙΚΗ ΜΑΥΡΗ ΜΕ 2 ΕΠΙΔΑΠΕΔΙΑ ΣΥΡΤΑΡΙΑ SONAMA 200x91,5x177,5Yεκ","Σας παρουσιάζουμε τo κρεβάτι-κουκέτα FLOOR που είναι εξολοκλήρου μεταλλικό σε ΜΑΥΡΟ χρώμα. Η πρόσβαση στο επάνω κρεβάτι γίνεται με μια όμορφη μεταλλική σκάλα που τοποθετείται βιδωτή στον σκελετό. Στο επάνω κρεβάτι υπάρχει πλαϊνό προστατευτικό κάγκελο που προσφέρει ασφάλεια από πτώσεις. Η πρακτικότητά του τονίζεται ακόμα περισσότερο χάρη στα δύο συρτάρια δαπέδου με ροδάκια, που τοποθετούνται κάτω από το κρεβάτι, και διαθέτουν όμορφη πρόσοψη μελαμίνης σε SONAMA χρώμα. Μια πανέμορφη κατασκευή που θα σας ενθουσιάσει!<br />
<br />
--Η κουκέτα γίνεται και 2 μονά κρεβάτια<br />
--Στην τιμή περιλαμβάνονται και οι μεταλλικές δοκοί στήριξης των στρωμάτων<br />
<br />
ΔΙΑΣΤΑΣΕΙΣ:<br />
Συνολικές: 200x91,5x177,5Y εκ.<br />
Διαστάσεις συρταριών: 92x53x30Υ εκ.<br />
Εσωτερικές διαστάσεις: 74x50x13Υ εκ.<br />
Διαστάσεις στρωμάτων: 190Χ90 εκ.<br />
<br />
ΣΥΝΤΗΡΗΣΗ:<br />
Το μόνο που χρειάζεται το κρεβάτι είναι ένα ξεσκόνισμα και εάν το θελήσετε ένα πέρασμα με ένα υγρό πανάκι και να είστε σίγουροι ότι θα το έχετε για πολλά χρόνια.<br />
<br />
*Το προϊόν παραδίδεται αμοντάριστο σε εργοστασιακές συσκευασίες με οδηγίες συναρμολόγησης<br />
** Η χρωματική απόδοση του προϊόντος ενδέχεται να διαφέρει ελαφρώς από τη φωτογραφική του αναπαράσταση στην οθόνη σας.",134.6999969,207.4,279.89,21,Διαθέσιμο,49.5,HM21122.01,,https://www.b2bmarkt.gr/img/prd/o/74473/koyketa-fb92112201-metalliki-mayri-epida.jpg; https://www.b2bmarkt.gr/img/prd/o/74473/koyketa-fb92112201-metalliki-mayri-epida-1.jpg,[L] Εσωτερικός χώρος > [L] Παιδικό δωμάτιο > [L] Κουκέτες,L:1.95 W:0.95 H:0.15 Weight:40kg Vol:0.278m3
0509930,ΠΥΡΓΟΣ ΕΚΜΑΘΗΣΗΣ ΜΕ ΠΙΝΑΚΑ RICKI HM18345.01 ΞΥΛΟ ΠΕΥΚΟΥ ΦΥΣΙΚΟ 37x40x84Υεκ,"Παιδικός Πύργος Εκμάθησης με Μαυροπίνακα RICKI--ΦΥΣΙΚΟ<br />
________________________________________<br />
Περιγραφή Προϊόντος:<br />
Ο παιδικός πύργος εκμάθησης RICKI είναι ο ιδανικός σύμμαχος για την ανάπτυξη της αυτονομίας και της δημιουργικότητας του παιδιού. Με αρθρωτό σχεδιασμό και φυσική αισθητική, επιτρέπει στο παιδί να συμμετέχει με ασφάλεια σε καθημερινές δραστηριότητες, συνδυασμένες με το παιχνίδι.<br />
Η ενσωματωμένη επιφάνεια μαυροπίνακα μετατρέπει τον πύργο σε έναν μικρό δημιουργικό χώρο, ενισχύοντας τη φαντασία και τη μάθηση μέσα από το παιχνίδι.<br />
________________________________________<br />
Ανάλυση Υλικών:<br />
•Κατασκευή από φυσικό ξύλο πεύκου.<br />
•Σταθερή και ανθεκτική δομή.<br />
•Λείες επιφάνειες με προσεγμένο φινίρισμα.<br />
•Μαυροπίνακας για δημιουργική απασχόληση.<br />
________________________________________<br />
Διαστάσεις:<br />
37x40x84Υ εκ.<br />
________________________________________<br />
Γιατί μας αρέσει / Σκοπός:<br />
•Αρθρωτός σχεδιασμός για ευελιξία χρήσης.<br />
•Ενισχύει την αυτονομία του παιδιού.<br />
•Δημιουργεί ασφαλή συμμετοχή στις καθημερινές δραστηριότητες.<br />
•Συνδυάζει μάθηση και παιχνίδι.<br />
•Minimal design που ταιριάζει σε κάθε χώρο.<br />
•Πολυχρηστική κατασκευή με πρακτικό χαρακτήρα.<br />
________________________________________<br />
Συντήρηση:<br />
-Καθαρίζεται με μαλακό νωπό πανί.<br />
-Αποφύγετε την υπερβολική υγρασία.<br />
-Μη χρησιμοποιείτε ισχυρά καθαριστικά.<br />
--------------------------------------------<br />
*Το προϊόν παραδίδεται σε εργοστασιακή συσκευασία<br />
**Η ακριβής χρωματική απόδοση του προϊόντος ενδέχεται να διαφέρει ελάχιστα από το πραγματικό λόγω των διαφορετικών ρυθμίσεων της κάθε οθόνης.",34.8499985,64.9,84.37,99,Διαθέσιμο,7.2,HM18345.01,5208067211550,https://www.b2bmarkt.gr/img/prd/o/76534/pyrgos-ekmathisis-me-pinaka-fb91834501-x.jpg; https://www.b2bmarkt.gr/img/prd/o/76534/pyrgos-ekmathisis-me-pinaka-fb91834501-x-1.jpg; https://www.b2bmarkt.gr/img/prd/o/76534/pyrgos-ekmathisis-me-pinaka-fb91834501-x-2.jpg; https://www.b2bmarkt.gr/img/prd/o/76534/pyrgos-ekmathisis-me-pinaka-fb91834501-x-3.jpg; https://www.b2bmarkt.gr/img/prd/o/76534/pyrgos-ekmathisis-me-pinaka-fb91834501-x-4.jpg; https://www.b2bmarkt.gr/img/prd/o/76534/pyrgos-ekmathisis-me-pinaka-fb91834501-x-5.jpg; https://www.b2bmarkt.gr/img/prd/o/76534/pyrgos-ekmathisis-me-pinaka-fb91834501-x-6.jpg; https://www.b2bmarkt.gr/img/prd/o/76534/pyrgos-ekmathisis-me-pinaka-fb91834501-x-7.jpg; https://www.b2bmarkt.gr/img/prd/o/76534/pyrgos-ekmathisis-me-pinaka-fb91834501-x-8.jpg; https://www.b2bmarkt.gr/img/prd/o/76534/pyrgos-ekmathisis-me-pinaka-fb91834501-x-9.jpg,[L] Εσωτερικός χώρος > [L] Παιδικό δωμάτιο,L:0.52 W:0.47 H:0.18 Weight:7.2kg Vol:0.041m3
0509931,ΠΥΡΓΟΣ ΕΚΜΑΘΗΣΗΣ ΜΕ ΠΙΝΑΚΑ RICKI HM18345.03 ΞΥΛΟ ΠΕΥΚΟΥ ΛΕΥΚΟ/ΓΚΡΙ 37x40x84Υεκ,"Παιδικός Πύργος Εκμάθησης με Μαυροπίνακα RICKI—ΛΕΥΚΟ/ΓΚΡΙ<br />
________________________________________<br />
Περιγραφή Προϊόντος:<br />
Ο παιδικός πύργος εκμάθησης RICKI είναι ο ιδανικός σύμμαχος για την ανάπτυξη της αυτονομίας και της δημιουργικότητας του παιδιού. Με αρθρωτό σχεδιασμό και φυσική αισθητική, επιτρέπει στο παιδί να συμμετέχει με ασφάλεια σε καθημερινές δραστηριότητες, συνδυασμένες με το παιχνίδι.<br />
Η ενσωματωμένη επιφάνεια μαυροπίνακα μετατρέπει τον πύργο σε έναν μικρό δημιουργικό χώρο, ενισχύοντας τη φαντασία και τη μάθηση μέσα από το παιχνίδι.<br />
________________________________________<br />
Ανάλυση Υλικών:<br />
•Κατασκευή από φυσικό ξύλο πεύκου σε όμορφη διχρωμία λευκού/γκρι.<br />
•Σταθερή και ανθεκτική δομή.<br />
•Λείες επιφάνειες με προσεγμένο φινίρισμα.<br />
•Μαυροπίνακας για δημιουργική απασχόληση.<br />
________________________________________<br />
Διαστάσεις:<br />
37x40x84Υ εκ.<br />
________________________________________<br />
Γιατί μας αρέσει / Σκοπός:<br />
•Αρθρωτός σχεδιασμός για ευελιξία χρήσης.<br />
•Ενισχύει την αυτονομία του παιδιού.<br />
•Δημιουργεί ασφαλή συμμετοχή στις καθημερινές δραστηριότητες.<br />
•Συνδυάζει μάθηση και παιχνίδι.<br />
•Minimal design που ταιριάζει σε κάθε χώρο.<br />
•Πολυχρηστική κατασκευή με πρακτικό χαρακτήρα.<br />
________________________________________<br />
Συντήρηση:<br />
-Καθαρίζεται με μαλακό νωπό πανί.<br />
-Αποφύγετε την υπερβολική υγρασία.<br />
-Μη χρησιμοποιείτε ισχυρά καθαριστικά.<br />
--------------------------------------------<br />
*Το προϊόν παραδίδεται σε εργοστασιακή συσκευασία<br />
**Η ακριβής χρωματική απόδοση του προϊόντος ενδέχεται να διαφέρει ελάχιστα από το πραγματικό λόγω των διαφορετικών ρυθμίσεων της κάθε οθόνης.",34.8499985,64.9,84.37,43,Διαθέσιμο,7.2,HM18345.03,5208067211543,https://www.b2bmarkt.gr/img/prd/o/76536/pyrgos-ekmathisis-me-pinaka-fb91834503-x.jpg; https://www.b2bmarkt.gr/img/prd/o/76536/pyrgos-ekmathisis-me-pinaka-fb91834503-x-1.jpg; https://www.b2bmarkt.gr/img/prd/o/76536/pyrgos-ekmathisis-me-pinaka-fb91834503-x-2.jpg; https://www.b2bmarkt.gr/img/prd/o/76536/pyrgos-ekmathisis-me-pinaka-fb91834503-x-3.jpg; https://www.b2bmarkt.gr/img/prd/o/76536/pyrgos-ekmathisis-me-pinaka-fb91834503-x-4.jpg; https://www.b2bmarkt.gr/img/prd/o/76536/pyrgos-ekmathisis-me-pinaka-fb91834503-x-5.jpg; https://www.b2bmarkt.gr/img/prd/o/76536/pyrgos-ekmathisis-me-pinaka-fb91834503-x-6.jpg; https://www.b2bmarkt.gr/img/prd/o/76536/pyrgos-ekmathisis-me-pinaka-fb91834503-x-7.jpg; https://www.b2bmarkt.gr/img/prd/o/76536/pyrgos-ekmathisis-me-pinaka-fb91834503-x-8.jpg; https://www.b2bmarkt.gr/img/prd/o/76536/pyrgos-ekmathisis-me-pinaka-fb91834503-x-9.jpg,[L] Εσωτερικός χώρος > [L] Παιδικό δωμάτιο,L:0.52 W:0.47 H:0.18 Weight:7.2kg Vol:0.041m3
0509918,ΠΥΡΓΟΣ ΕΚΜΑΘΗΣΗΣ τ.MONTESSORI PEPE HM9291.03 ΞΥΛΟ ΠΕΥΚΟΥ ΛΕΥΚΟ 55x53x90Υεκ,"Ο παιδικός πύργος εκμάθησης PEPE αποτελεί ένα απαραίτητο εργαλείο για κάθε σπίτι που ακολουθεί τις αρχές της μεθόδου Montessori, ενισχύοντας την αυτονομία του παιδιού με ασφάλεια.<br />
________________________________________<br />
Ανάλυση Υλικών:<br />
•Κατασκευή από φυσικό ξύλο πεύκου σε ΛΕΥΚΟ χρώμα.<br />
•Σταθερή και ανθεκτική δομή.<br />
•Λείες επιφάνειες με προσεγμένο φινίρισμα.<br />
________________________________________<br />
Διαστάσεις:<br />
55x53x90Υ εκ.---Σκαλιά: 41x28 εκ. 33x28 εκ.<br />
________________________________________<br />
Γιατί μας αρέσει / Σκοπός:<br />
•Ενισχύει την αυτονομία του παιδιού.<br />
•Δημιουργεί ασφαλή συμμετοχή στις καθημερινές δραστηριότητες.<br />
•Συνδυάζει μάθηση και παιχνίδι.<br />
•Minimal design που ταιριάζει σε κάθε χώρο.<br />
•Πολυχρηστική κατασκευή με πρακτικό χαρακτήρα.<br />
________________________________________<br />
Συντήρηση:<br />
-Καθαρίζεται με μαλακό νωπό πανί.<br />
-Αποφύγετε την υπερβολική υγρασία.<br />
-Μη χρησιμοποιείτε ισχυρά καθαριστικά.<br />
--------------------------------------------<br />
*Το προϊόν παραδίδεται σε εργοστασιακή συσκευασία<br />
**Η ακριβής χρωματική απόδοση του προϊόντος ενδέχεται να διαφέρει ελάχιστα από το πραγματικό λόγω των διαφορετικών ρυθμίσεων της κάθε οθόνης.",34.8499985,64.9,84.37,60,Διαθέσιμο,7.5,HM9291.03,5208067211420,https://www.b2bmarkt.gr/img/prd/o/76538/pyrgos-ekmathisis-tmontessori-fb9929103-.jpg; https://www.b2bmarkt.gr/img/prd/o/76538/pyrgos-ekmathisis-tmontessori-fb9929103--1.jpg; https://www.b2bmarkt.gr/img/prd/o/76538/pyrgos-ekmathisis-tmontessori-fb9929103--2.jpg; https://www.b2bmarkt.gr/img/prd/o/76538/pyrgos-ekmathisis-tmontessori-fb9929103--3.jpg; https://www.b2bmarkt.gr/img/prd/o/76538/pyrgos-ekmathisis-tmontessori-fb9929103--4.jpg; https://www.b2bmarkt.gr/img/prd/o/76538/pyrgos-ekmathisis-tmontessori-fb9929103--5.jpg; https://www.b2bmarkt.gr/img/prd/o/76538/pyrgos-ekmathisis-tmontessori-fb9929103--6.jpg; https://www.b2bmarkt.gr/img/prd/o/76538/pyrgos-ekmathisis-tmontessori-fb9929103--7.jpg; https://www.b2bmarkt.gr/img/prd/o/76538/pyrgos-ekmathisis-tmontessori-fb9929103--8.jpg; https://www.b2bmarkt.gr/img/prd/o/76538/pyrgos-ekmathisis-tmontessori-fb9929103--9.jpg,[L] Εσωτερικός χώρος > [L] Παιδικό δωμάτιο,L:0.98 W:0.565 H:0.085 Weight:7.5kg Vol:0.054m3
1050900,ΚΡΕΒΑΤΙ ΠΑΙΔΙΚΟ HOUSER HM740.03 τ.MONTESSORI ΞΥΛΟ ΠΕΥΚΟ ΛΕΥΚΟ--ΓΙΑ 190x90εκ,"Σας παρουσιάζουμε το καινούργιο παιδικό κρεβάτι HOUSER. Είναι σε διάσταση για μονό στρώμα 90x190 εκ, και αποτελεί μια άριστης ποιότητας, κλασική και ασφαλή επιλογή για το παιδικό δωμάτιο μιας και είναι τύπου Montessori, που σημαίνει ότι έχει σχεδιαστεί σύμφωνα με το εκπαιδευτικό σύστημα Montessori, σύμφωνα με το οποίο τα παιδιά μαθαίνουν καλύτερα, όταν επιλέγουν μόνα τους τι θα κάνουν. Το χαμηλό ύψος κρεβατιού με τα χαμηλά πόδια, βοηθά να εξερευνούν την αυτονομία τους και να ανεβοκατεβαίνουν από το κρεβάτι τους ελεύθερα ανά πάσα στιγμή.  Είναι ξύλινο σε ΛΕΥΚΟ χρώμα βαμμένο με αβλαβές μη τοξικό βερνίκι με βάση το νερό, ιδανικό για παιδιά. Το στρώμα τοποθετείται σε τάβλες κατασκευασμένες από ξυλεία κόντρα πλακέ. Η μία πλευρά του κρεβατιού έχει την φιγούρα σπιτιού με καμινάδα που θα δώσει μια ευχάριστη, «ζεστή», και παιχνιδιάρικη όψη σε κάθε παιδικό δωμάτιο, ενώ διαθέτει κάγκελα περιμετρικά.<br />
---------------------------------------------------<br />
ΔΙΑΣΤΑΣΕΙΣ:<br />
196x97x153Υ εκ.<br />
Ύψος κάγκελου: 27 εκ.<br />
ΔΙΑΣΤΑΣΕΙΣ ΣΤΡΩΜΑΤΟΣ: 90x190 εκ.<br />
---------------------------------------------------<br />
ΥΛΙΚΟ ΚΑΤΑΣΚΕΥΗΣ:<br />
Το κρεβάτι είναι εξολοκλήρου κατασκευασμένο από μασίφ ξύλο πεύκου. Το πεύκο είναι ένα μαλακό, λευκό ή ανοιχτό κίτρινο ξύλο το οποίο είναι ελαφρύ σε βάρος με ευθύγραμμα νερά ξύλου και αντέχει στη συρρίκνωση, την διόγκωση και την κάμψη. <br />
---------------------------------------------------<br />
ΣΥΝΤΗΡΗΣΗ:<br />
Για το απλό καθάρισμα, χρησιμοποιείστε ένα υγρό πανάκι και περάστε όλες τις επιφάνειες. Μην χρησιμοποιείτε ισχυρά λευκαντικά.<br />
---------------------------------------------------<br />
*Το προϊόν παραδίδεται αμοντάριστο σε εργοστασιακές συσκευασίες<br />
**Η ακριβής χρωματική απόδοση του προϊόντος ενδέχεται να διαφέρει ελάχιστα από το πραγματικό λόγω των διαφορετικών ρυθμίσεων της κάθε οθόνης.<br />
***Το στρώμα δεν περιλαμβάνεται στην τιμή.",95,189.9,246.87,70,Διαθέσιμο,21.5,HM740.03,5208067211581,https://www.b2bmarkt.gr/img/prd/o/76539/krebati-paidiko-fb974003-tmontessori-xyl.jpg; https://www.b2bmarkt.gr/img/prd/o/76539/krebati-paidiko-fb974003-tmontessori-xyl-1.jpg; https://www.b2bmarkt.gr/img/prd/o/76539/krebati-paidiko-fb974003-tmontessori-xyl-2.jpg; https://www.b2bmarkt.gr/img/prd/o/76539/krebati-paidiko-fb974003-tmontessori-xyl-3.jpg; https://www.b2bmarkt.gr/img/prd/o/76539/krebati-paidiko-fb974003-tmontessori-xyl-4.jpg; https://www.b2bmarkt.gr/img/prd/o/76539/krebati-paidiko-fb974003-tmontessori-xyl-5.jpg; https://www.b2bmarkt.gr/img/prd/o/76539/krebati-paidiko-fb974003-tmontessori-xyl-6.jpg; https://www.b2bmarkt.gr/img/prd/o/76539/krebati-paidiko-fb974003-tmontessori-xyl-7.jpg; https://www.b2bmarkt.gr/img/prd/o/76539/krebati-paidiko-fb974003-tmontessori-xyl-8.jpg; https://www.b2bmarkt.gr/img/prd/o/76539/krebati-paidiko-fb974003-tmontessori-xyl-9.jpg,[L] Εσωτερικός χώρος > [L] Παιδικό δωμάτιο > [L] Κρεβάτια,L:1.97 W:0.39 H:0.125 Weight:21.5kg Vol:0.108m3
0509934,ΚΡΕΒΑΤΙ ΠΑΙΔΙΚΟ ΜΕ ΣΥΡΤΑΡΙΑ HOUSER HM741.01 τ.MONTESSORI ΞΥΛΟ ΠΕΥΚΟ ΛΕΥΚΟ-190x90εκ,"Σας παρουσιάζουμε ένα ακόμα καινούργιο παιδικό κρεβάτι HOUSER τύπου Montessori που σημαίνει ότι έχει σχεδιαστεί σύμφωνα με το εκπαιδευτικό σύστημα Montessori, σύμφωνα με το οποίο τα παιδιά μαθαίνουν καλύτερα, όταν επιλέγουν μόνα τους τι θα κάνουν. <br />
Το συγκεκριμένο διαθέτει δύο συρόμενα συρτάρια στο κάτω μέρος. Είναι σε διάσταση για μονό στρώμα 90x190 εκ, και αποτελεί μια άριστης ποιότητας, μοντέρνα και ασφαλή επιλογή για το παιδικό δωμάτιο μιας και διαθέτει ξύλινο κάγκελο περιμετρικά. <br />
Είναι ξύλινο σε ΛΕΥΚΟ χρώμα βαμμένο με αβλαβές βερνίκι με βάση το νερό και μη τοξικό, ιδανικό για παιδιά. <br />
Το στρώμα τοποθετείται σε τάβλες κατασκευασμένες από ξυλεία κόντρα πλακέ. Ολόκληρο το κρεβάτι έχει σχήμα σπιτιού και μάλιστα αρκετά ψηλό, που θα δώσει μια ευχάριστη, «ζεστή», και παιχνιδιάρικη όψη σε κάθε παιδικό δωμάτιο.<br />
------------------------------------------------------------------<br />
ΔΙΑΣΤΑΣΕΙΣ:<br />
Συνολικές εξωτερικές: 196x95x153Υ εκ.<br />
Διαστάσεις κάγκελου: 45x15Υ εκ.<br />
Διαστάσεις στρώματος: 90x190 εκ.<br />
<br />
Συρτάρια: 94x45x17,5Υ εκ. (x2)<br />
------------------------------------------------------------------<br />
ΥΛΙΚΟ ΚΑΤΑΣΚΕΥΗΣ:<br />
Το κρεβάτι είναι εξολοκλήρου κατασκευασμένο από μασίφ ξύλο πεύκου. Το πεύκο είναι ένα μαλακό, λευκό ή ανοιχτό κίτρινο ξύλο το οποίο είναι ελαφρύ σε βάρος με ευθύγραμμα νερά ξύλου και αντέχει στη συρρίκνωση, την διόγκωση και την κάμψη. <br />
------------------------------------------------------------------<br />
ΣΥΝΤΗΡΗΣΗ:<br />
Για το απλό καθάρισμα, χρησιμοποιείστε ένα υγρό πανάκι και περάστε όλες τις επιφάνειες. Μην χρησιμοποιείτε ισχυρά λευκαντικά.<br />
------------------------------------------------------------------<br />
*Το προϊόν παραδίδεται αμοντάριστο σε εργοστασιακές συσκευασίες<br />
**Η ακριβής χρωματική απόδοση του προϊόντος ενδέχεται να διαφέρει ελάχιστα από το πραγματικό λόγω των διαφορετικών ρυθμίσεων της κάθε οθόνης.<br />
***Το στρώμα δεν περιλαμβάνεται στην τιμή",100,199.9,259.87,45,Διαθέσιμο,34.5,HM741.01,5208067211598,https://www.b2bmarkt.gr/img/prd/o/76540/krebati-paidiko-me-syrtaria-fb974101-tmo.jpg; https://www.b2bmarkt.gr/img/prd/o/76540/krebati-paidiko-me-syrtaria-fb974101-tmo-1.jpg; https://www.b2bmarkt.gr/img/prd/o/76540/krebati-paidiko-me-syrtaria-fb974101-tmo-2.jpg; https://www.b2bmarkt.gr/img/prd/o/76540/krebati-paidiko-me-syrtaria-fb974101-tmo-3.jpg; https://www.b2bmarkt.gr/img/prd/o/76540/krebati-paidiko-me-syrtaria-fb974101-tmo-4.jpg,[L] Εσωτερικός χώρος > [L] Παιδικό δωμάτιο > [L] Κρεβάτια,L:2 W:0.245 H:0.15 Weight:21.5kg Vol:0.074m3
0509933,ΚΡΕΒΑΤΙ ΠΑΙΔΙΚΟ HOUSER HM740.01 τ.MONTESSORI ΞΥΛΟ ΠΕΥΚΟ ΦΥΣΙΚΟ--ΓΙΑ 190x90εκ,"Σας παρουσιάζουμε το καινούργιο παιδικό κρεβάτι HOUSER. Είναι σε διάσταση για μονό στρώμα 90x190 εκ, και αποτελεί μια άριστης ποιότητας, κλασική και ασφαλή επιλογή για το παιδικό δωμάτιο μιας και είναι τύπου Montessori, που σημαίνει ότι έχει σχεδιαστεί σύμφωνα με το εκπαιδευτικό σύστημα Montessori, σύμφωνα με το οποίο τα παιδιά μαθαίνουν καλύτερα, όταν επιλέγουν μόνα τους τι θα κάνουν. Το χαμηλό ύψος κρεβατιού με τα χαμηλά πόδια, βοηθά να εξερευνούν την αυτονομία τους και να ανεβοκατεβαίνουν από το κρεβάτι τους ελεύθερα ανά πάσα στιγμή.  Είναι ξύλινο σε ΦΥΣΙΚΟ χρώμα βαμμένο με αβλαβές μη τοξικό βερνίκι με βάση το νερό, ιδανικό για παιδιά. Το στρώμα τοποθετείται σε τάβλες κατασκευασμένες από ξυλεία κόντρα πλακέ. Η μία πλευρά του κρεβατιού έχει την φιγούρα σπιτιού με καμινάδα που θα δώσει μια ευχάριστη, «ζεστή», και παιχνιδιάρικη όψη σε κάθε παιδικό δωμάτιο, ενώ διαθέτει κάγκελα περιμετρικά.<br />
---------------------------------------------------<br />
ΔΙΑΣΤΑΣΕΙΣ:<br />
196x97x153Υ εκ.<br />
Ύψος κάγκελου: 27εκ <br />
ΔΙΑΣΤΑΣΕΙΣ ΣΤΡΩΜΑΤΟΣ: 90x190 εκ.<br />
---------------------------------------------------<br />
ΥΛΙΚΟ ΚΑΤΑΣΚΕΥΗΣ:<br />
Το κρεβάτι είναι εξολοκλήρου κατασκευασμένο από μασίφ ξύλο πεύκου. Το πεύκο είναι ένα μαλακό, λευκό ή ανοιχτό κίτρινο ξύλο το οποίο είναι ελαφρύ σε βάρος με ευθύγραμμα νερά ξύλου και αντέχει στη συρρίκνωση, την διόγκωση και την κάμψη. <br />
---------------------------------------------------<br />
ΣΥΝΤΗΡΗΣΗ:<br />
Για το απλό καθάρισμα, χρησιμοποιείστε ένα υγρό πανάκι και περάστε όλες τις επιφάνειες. Μην χρησιμοποιείτε ισχυρά λευκαντικά.<br />
---------------------------------------------------<br />
*Το προϊόν παραδίδεται αμοντάριστο σε εργοστασιακές συσκευασίες<br />
**Η ακριβής χρωματική απόδοση του προϊόντος ενδέχεται να διαφέρει ελάχιστα από το πραγματικό λόγω των διαφορετικών ρυθμίσεων της κάθε οθόνης.<br />
***Το στρώμα δεν περιλαμβάνεται στην τιμή.",95,189.9,246.87,68,Διαθέσιμο,21.5,HM740.01,5208067211574,https://www.b2bmarkt.gr/img/prd/o/76541/krebati-paidiko-fb974001-tmontessori-xyl.jpg; https://www.b2bmarkt.gr/img/prd/o/76541/krebati-paidiko-fb974001-tmontessori-xyl-1.jpg; https://www.b2bmarkt.gr/img/prd/o/76541/krebati-paidiko-fb974001-tmontessori-xyl-2.jpg; https://www.b2bmarkt.gr/img/prd/o/76541/krebati-paidiko-fb974001-tmontessori-xyl-3.jpg; https://www.b2bmarkt.gr/img/prd/o/76541/krebati-paidiko-fb974001-tmontessori-xyl-4.jpg; https://www.b2bmarkt.gr/img/prd/o/76541/krebati-paidiko-fb974001-tmontessori-xyl-5.jpg; https://www.b2bmarkt.gr/img/prd/o/76541/krebati-paidiko-fb974001-tmontessori-xyl-6.jpg; https://www.b2bmarkt.gr/img/prd/o/76541/krebati-paidiko-fb974001-tmontessori-xyl-7.jpg; https://www.b2bmarkt.gr/img/prd/o/76541/krebati-paidiko-fb974001-tmontessori-xyl-8.jpg,[L] Εσωτερικός χώρος > [L] Παιδικό δωμάτιο > [L] Κρεβάτια,L:1.97 W:0.39 H:0.125 Weight:21.5kg Vol:0.108m3
0509928,ΠΑΙΔΙΚΟ ΚΑΡΕΚΛΑΚΙ ΜΕ ΑΠΟΘ.ΧΩΡΟ RICKI HM18343.03 ΚΟΝΤΡΑΠΛΑΚΕ/MDF ΛΕΥΚΟ 33x43x47Υεκ,"Παιδικό Καρεκλάκι με Αποθηκευτικό Χώρο RICKI (τ. Montessori)--ΛΕΥΚΟ<br />
________________________________________<br />
Περιγραφή Προϊόντος:<br />
Το παιδικό καρεκλάκι RICKI τύπου Montessori συνδυάζει λειτουργικότητα και minimal αισθητική, ενθαρρύνοντας την αυτονομία του παιδιού μέσα από την καθημερινή χρήση. Σχεδιασμένο στις σωστές αναλογίες για μικρούς χρήστες, προσφέρει άνετο κάθισμα και εύκολη πρόσβαση χωρίς περιορισμούς.<br />
Ο ενσωματωμένος αποθηκευτικός χώρος κάτω από το κάθισμα, που ανασηκώνεται, προσφέρει πρακτική λύση για την οργάνωση παιχνιδιών ή αντικειμένων, διατηρώντας τον χώρο τακτοποιημένο.<br />
________________________________________<br />
Ανάλυση Υλικών:<br />
-Κατασκευή από κόντρα πλακέ και MDF πάχους 15mm.<br />
-Σταθερή και ανθεκτική δομή.<br />
-Λείες επιφάνειες με προσεγμένο φινίρισμα.<br />
-Πλάτη για σωστή στήριξη σώματος.<br />
-Αποθηκευτικός χώρος κάτω από το κάθισμα.<br />
________________________________________<br />
Διαστάσεις:<br />
33x43x47Υ εκ.<br />
Διαστάσεις καθίσματος: 33x24 εκ.<br />
Διαστάσεις πλάτης: 29x18 εκ.<br />
Ύψος καθίσματος: 27 εκ.<br />
Αποθηκευτικός χώρος: 30x34x23Υ εκ<br />
________________________________________<br />
Γιατί μας αρέσει / Σκοπός:<br />
•Ενισχύει την αυτονομία του παιδιού.<br />
•Συνδυάζει κάθισμα και αποθήκευση σε ένα προϊόν.<br />
•Ιδανικό για παιχνίδι, ζωγραφική και καθημερινές δραστηριότητες.<br />
•Minimal design που ταιριάζει σε κάθε παιδικό δωμάτιο.<br />
•Ασφαλής και πρακτική επιλογή για το σπίτι.<br />
________________________________________<br />
Συντήρηση:<br />
-Καθαρίζεται με μαλακό νωπό πανί.<br />
-Αποφύγετε την υπερβολική υγρασία.<br />
-Μη χρησιμοποιείτε ισχυρά καθαριστικά.<br />
--------------------------------------------<br />
*Το προϊόν παραδίδεται σε εργοστασιακή συσκευασία<br />
**Η ακριβής χρωματική απόδοση του προϊόντος ενδέχεται να διαφέρει ελάχιστα από το πραγματικό λόγω των διαφορετικών ρυθμίσεων της κάθε οθόνης.",21.4500008,39.9,51.87,75,Διαθέσιμο,6.5,HM18343.03,5208067211529,https://www.b2bmarkt.gr/img/prd/o/76542/paidiko-kareklaki-me-apothchoro-fb918343.jpg; https://www.b2bmarkt.gr/img/prd/o/76542/paidiko-kareklaki-me-apothchoro-fb918343-1.jpg; https://www.b2bmarkt.gr/img/prd/o/76542/paidiko-kareklaki-me-apothchoro-fb918343-2.jpg; https://www.b2bmarkt.gr/img/prd/o/76542/paidiko-kareklaki-me-apothchoro-fb918343-3.jpg; https://www.b2bmarkt.gr/img/prd/o/76542/paidiko-kareklaki-me-apothchoro-fb918343-4.jpg; https://www.b2bmarkt.gr/img/prd/o/76542/paidiko-kareklaki-me-apothchoro-fb918343-5.jpg; https://www.b2bmarkt.gr/img/prd/o/76542/paidiko-kareklaki-me-apothchoro-fb918343-6.jpg; https://www.b2bmarkt.gr/img/prd/o/76542/paidiko-kareklaki-me-apothchoro-fb918343-7.jpg; https://www.b2bmarkt.gr/img/prd/o/76542/paidiko-kareklaki-me-apothchoro-fb918343-8.jpg; https://www.b2bmarkt.gr/img/prd/o/76542/paidiko-kareklaki-me-apothchoro-fb918343-9.jpg,[L] Εσωτερικός χώρος > [L] Παιδικό δωμάτιο,L:0.58 W:0.51 H:0.13 Weight:6.5kg Vol:0.032m3
0509927,ΠΑΙΔΙΚΟ ΚΑΡΕΚΛΑΚΙ ΜΕ ΑΠΟΘ.ΧΩΡΟ RICKI HM18343.01 ΚΟΝΤΡΑΠΛΑΚΕ/MDF ΦΥΣΙΚΟ 33x43x47Υεκ,"Παιδικό Καρεκλάκι με Αποθηκευτικό Χώρο RICKI (τ. Montessori) --ΦΥΣΙΚΟ<br />
________________________________________<br />
Περιγραφή Προϊόντος:<br />
Το παιδικό καρεκλάκι RICKI τύπου Montessori συνδυάζει λειτουργικότητα και minimal αισθητική, ενθαρρύνοντας την αυτονομία του παιδιού μέσα από την καθημερινή χρήση. Σχεδιασμένο στις σωστές αναλογίες για μικρούς χρήστες, προσφέρει άνετο κάθισμα και εύκολη πρόσβαση χωρίς περιορισμούς.<br />
Ο ενσωματωμένος αποθηκευτικός χώρος κάτω από το κάθισμα, που ανασηκώνεται, προσφέρει πρακτική λύση για την οργάνωση παιχνιδιών ή αντικειμένων, διατηρώντας τον χώρο τακτοποιημένο.<br />
________________________________________<br />
Ανάλυση Υλικών:<br />
-Κατασκευή από κόντρα πλακέ και MDF πάχους 15mm.<br />
-Σταθερή και ανθεκτική δομή.<br />
-Λείες επιφάνειες με προσεγμένο φινίρισμα.<br />
-Πλάτη για σωστή στήριξη σώματος.<br />
-Αποθηκευτικός χώρος κάτω από το κάθισμα.<br />
________________________________________<br />
Διαστάσεις:<br />
33x43x47Υ εκ.<br />
Διαστάσεις καθίσματος: 33x24 εκ.<br />
Διαστάσεις πλάτης: 29x18 εκ.<br />
Ύψος καθίσματος: 27 εκ.<br />
Αποθηκευτικός χώρος: 30x34x23Υ εκ<br />
________________________________________<br />
Γιατί μας αρέσει / Σκοπός:<br />
•Ενισχύει την αυτονομία του παιδιού.<br />
•Συνδυάζει κάθισμα και αποθήκευση σε ένα προϊόν.<br />
•Ιδανικό για παιχνίδι, ζωγραφική και καθημερινές δραστηριότητες.<br />
•Minimal design που ταιριάζει σε κάθε παιδικό δωμάτιο.<br />
•Ασφαλής και πρακτική επιλογή για το σπίτι.<br />
________________________________________<br />
Συντήρηση:<br />
-Καθαρίζεται με μαλακό νωπό πανί.<br />
-Αποφύγετε την υπερβολική υγρασία.<br />
-Μη χρησιμοποιείτε ισχυρά καθαριστικά.<br />
--------------------------------------------<br />
*Το προϊόν παραδίδεται σε εργοστασιακή συσκευασία<br />
**Η ακριβής χρωματική απόδοση του προϊόντος ενδέχεται να διαφέρει ελάχιστα από το πραγματικό λόγω των διαφορετικών ρυθμίσεων της κάθε οθόνης.",21.4500008,39.9,51.87,79,Διαθέσιμο,6.5,HM18343.01,5208067211512,https://www.b2bmarkt.gr/img/prd/o/76543/paidiko-kareklaki-me-apothchoro-fb918343.jpg; https://www.b2bmarkt.gr/img/prd/o/76543/paidiko-kareklaki-me-apothchoro-fb918343-1.jpg; https://www.b2bmarkt.gr/img/prd/o/76543/paidiko-kareklaki-me-apothchoro-fb918343-2.jpg; https://www.b2bmarkt.gr/img/prd/o/76543/paidiko-kareklaki-me-apothchoro-fb918343-3.jpg; https://www.b2bmarkt.gr/img/prd/o/76543/paidiko-kareklaki-me-apothchoro-fb918343-4.jpg; https://www.b2bmarkt.gr/img/prd/o/76543/paidiko-kareklaki-me-apothchoro-fb918343-5.jpg; https://www.b2bmarkt.gr/img/prd/o/76543/paidiko-kareklaki-me-apothchoro-fb918343-6.jpg; https://www.b2bmarkt.gr/img/prd/o/76543/paidiko-kareklaki-me-apothchoro-fb918343-7.jpg,[L] Εσωτερικός χώρος > [L] Παιδικό δωμάτιο,L:0.58 W:0.51 H:0.13 Weight:6.5kg Vol:0.032m3
0509926,ΠΑΓΚΑΚΙ ΠΑΙΔΙΚΟ ΜΕ ΑΠΟΘ.ΧΩΡΟ RICKI HM18342.01 MDF & ΚΟΝΤΡΑΠΛΑΚΕ ΦΥΣΙΚΟ 63x43x47Υεκ,"Παιδικό Παγκάκι με Αποθηκευτικό Χώρο RICKI (τ. Montessori) --ΦΥΣΙΚΟ<br />
________________________________________<br />
Περιγραφή Προϊόντος:<br />
Το παιδικό παγκάκι RICKI τύπου Montessori συνδυάζει λειτουργικότητα και minimal αισθητική, ενθαρρύνοντας την αυτονομία των παιδιών μέσα από την καθημερινή χρήση. Σχεδιασμένο στις σωστές αναλογίες για μικρούς χρήστες, προσφέρει άνετο κάθισμα και εύκολη πρόσβαση χωρίς περιορισμούς.<br />
Ο ενσωματωμένος αποθηκευτικός χώρος κάτω από το κάθισμα, που ανασηκώνεται, προσφέρει πρακτική λύση για την οργάνωση παιχνιδιών ή αντικειμένων, διατηρώντας τον χώρο τακτοποιημένο.<br />
________________________________________<br />
Ανάλυση Υλικών:<br />
-Κατασκευή από κόντρα πλακέ και MDF πάχους 15mm.<br />
-Σταθερή και ανθεκτική δομή.<br />
-Λείες επιφάνειες με προσεγμένο φινίρισμα.<br />
-Πλάτη για σωστή στήριξη σώματος.<br />
-Αποθηκευτικός χώρος κάτω από το κάθισμα.<br />
________________________________________<br />
Διαστάσεις:<br />
63x43x47Y εκ.<br />
Διαστάσεις καθίσματος: 63x24 εκ.<br />
Διαστάσεις πλάτης: 59x18 εκ.<br />
Ύψος καθίσματος: 27 εκ.<br />
Αποθηκευτικός χώρος: 60x34x23Y εκ<br />
________________________________________<br />
Γιατί μας αρέσει / Σκοπός:<br />
•Ενισχύει την αυτονομία του παιδιού.<br />
•Συνδυάζει κάθισμα και αποθήκευση σε ένα προϊόν.<br />
•Ιδανικό για παιχνίδι, ζωγραφική και καθημερινές δραστηριότητες.<br />
•Minimal design που ταιριάζει σε κάθε παιδικό δωμάτιο.<br />
•Ασφαλής και πρακτική επιλογή για το σπίτι.<br />
________________________________________<br />
Συντήρηση:<br />
-Καθαρίζεται με μαλακό νωπό πανί.<br />
-Αποφύγετε την υπερβολική υγρασία.<br />
-Μη χρησιμοποιείτε ισχυρά καθαριστικά.<br />
--------------------------------------------<br />
*Το προϊόν παραδίδεται σε εργοστασιακή συσκευασία<br />
**Η ακριβής χρωματική απόδοση του προϊόντος ενδέχεται να διαφέρει ελάχιστα από το πραγματικό λόγω των διαφορετικών ρυθμίσεων της κάθε οθόνης.",37.5,69.9,90.87,48,Διαθέσιμο,9.65,HM18342.01,5208067211499,https://www.b2bmarkt.gr/img/prd/o/76544/pagkaki-paidiko-me-apothchoro-fb91834201.jpg; https://www.b2bmarkt.gr/img/prd/o/76544/pagkaki-paidiko-me-apothchoro-fb91834201-1.jpg; https://www.b2bmarkt.gr/img/prd/o/76544/pagkaki-paidiko-me-apothchoro-fb91834201-2.jpg; https://www.b2bmarkt.gr/img/prd/o/76544/pagkaki-paidiko-me-apothchoro-fb91834201-3.jpg; https://www.b2bmarkt.gr/img/prd/o/76544/pagkaki-paidiko-me-apothchoro-fb91834201-4.jpg; https://www.b2bmarkt.gr/img/prd/o/76544/pagkaki-paidiko-me-apothchoro-fb91834201-5.jpg; https://www.b2bmarkt.gr/img/prd/o/76544/pagkaki-paidiko-me-apothchoro-fb91834201-6.jpg; https://www.b2bmarkt.gr/img/prd/o/76544/pagkaki-paidiko-me-apothchoro-fb91834201-7.jpg; https://www.b2bmarkt.gr/img/prd/o/76544/pagkaki-paidiko-me-apothchoro-fb91834201-8.jpg,[L] Εσωτερικός χώρος > [L] Παιδικό δωμάτιο > [L] Καρεκλάκια,L:0.69 W:0.495 H:0.155 Weight:9.65kg Vol:0.04m3
0509925,ΠΑΓΚΑΚΙ ΠΑΙΔΙΚΟ ΜΕ ΑΠΟΘ.ΧΩΡΟ RICKI HM18342.03 MDF & ΚΟΝΤΡΑΠΛΑΚΕ ΛΕΥΚΟ 63x43x47Υεκ,"Παιδικό Παγκάκι με Αποθηκευτικό Χώρο RICKI (τ. Montessori) --ΛΕΥΚΟ<br />
________________________________________<br />
Περιγραφή Προϊόντος:<br />
Το παιδικό παγκάκι RICKI τύπου Montessori συνδυάζει λειτουργικότητα και minimal αισθητική, ενθαρρύνοντας την αυτονομία των παιδιών μέσα από την καθημερινή χρήση. Σχεδιασμένο στις σωστές αναλογίες για μικρούς χρήστες, προσφέρει άνετο κάθισμα και εύκολη πρόσβαση χωρίς περιορισμούς.<br />
Ο ενσωματωμένος αποθηκευτικός χώρος κάτω από το κάθισμα, που ανασηκώνεται, προσφέρει πρακτική λύση για την οργάνωση παιχνιδιών ή αντικειμένων, διατηρώντας τον χώρο τακτοποιημένο.<br />
________________________________________<br />
Ανάλυση Υλικών:<br />
-Κατασκευή από κόντρα πλακέ και MDF πάχους 15mm.<br />
-Σταθερή και ανθεκτική δομή.<br />
-Λείες επιφάνειες με προσεγμένο φινίρισμα.<br />
-Πλάτη για σωστή στήριξη σώματος.<br />
-Αποθηκευτικός χώρος κάτω από το κάθισμα.<br />
________________________________________<br />
Διαστάσεις:<br />
63x43x47Y εκ.<br />
Διαστάσεις καθίσματος: 63x24 εκ.<br />
Διαστάσεις πλάτης: 59x18 εκ.<br />
Ύψος καθίσματος: 27 εκ.<br />
Αποθηκευτικός χώρος: 60x34x23Y εκ<br />
________________________________________<br />
Γιατί μας αρέσει / Σκοπός:<br />
•Ενισχύει την αυτονομία του παιδιού.<br />
•Συνδυάζει κάθισμα και αποθήκευση σε ένα προϊόν.<br />
•Ιδανικό για παιχνίδι, ζωγραφική και καθημερινές δραστηριότητες.<br />
•Minimal design που ταιριάζει σε κάθε παιδικό δωμάτιο.<br />
•Ασφαλής και πρακτική επιλογή για το σπίτι.<br />
________________________________________<br />
Συντήρηση:<br />
-Καθαρίζεται με μαλακό νωπό πανί.<br />
-Αποφύγετε την υπερβολική υγρασία.<br />
-Μη χρησιμοποιείτε ισχυρά καθαριστικά.<br />
--------------------------------------------<br />
*Το προϊόν παραδίδεται σε εργοστασιακή συσκευασία<br />
**Η ακριβής χρωματική απόδοση του προϊόντος ενδέχεται να διαφέρει ελάχιστα από το πραγματικό λόγω των διαφορετικών ρυθμίσεων της κάθε οθόνης.",37.5,69.9,90.87,47,Διαθέσιμο,9.65,HM18342.03,5208067211505,https://www.b2bmarkt.gr/img/prd/o/76545/pagkaki-paidiko-me-apothchoro-fb91834203.jpg; https://www.b2bmarkt.gr/img/prd/o/76545/pagkaki-paidiko-me-apothchoro-fb91834203-1.jpg; https://www.b2bmarkt.gr/img/prd/o/76545/pagkaki-paidiko-me-apothchoro-fb91834203-2.jpg; https://www.b2bmarkt.gr/img/prd/o/76545/pagkaki-paidiko-me-apothchoro-fb91834203-3.jpg; https://www.b2bmarkt.gr/img/prd/o/76545/pagkaki-paidiko-me-apothchoro-fb91834203-4.jpg; https://www.b2bmarkt.gr/img/prd/o/76545/pagkaki-paidiko-me-apothchoro-fb91834203-5.jpg; https://www.b2bmarkt.gr/img/prd/o/76545/pagkaki-paidiko-me-apothchoro-fb91834203-6.jpg; https://www.b2bmarkt.gr/img/prd/o/76545/pagkaki-paidiko-me-apothchoro-fb91834203-7.jpg; https://www.b2bmarkt.gr/img/prd/o/76545/pagkaki-paidiko-me-apothchoro-fb91834203-8.jpg,[L] Εσωτερικός χώρος > [L] Παιδικό δωμάτιο > [L] Καρεκλάκια,L:0.69 W:0.495 H:0.155 Weight:9.65kg Vol:0.04m3
0509922,ΠΑΙΔΙΚΗ ΣΚΑΛΑ/ΣΚΑΜΠΟ RICKI HM18340.01 MDF & ΚΟΝΤΡΑΠΛΑΚΕ ΦΥΣΙΚΟ 33x43.5x40.5Υεκ,"Παιδικό Σκαλάκι RICKI (τύπου Montessori): Το Πρώτο Βήμα προς την Ανεξαρτησία—ΦΥΣΙΚΟ χρώμα<br />
<br />
Χαρίστε στο παιδί σας την αυτοπεποίθηση να εξερευνήσει τον κόσμο από ψηλά με το παιδικό σκαλάκι RICKI. Σχεδιασμένο με βάση τις αρχές της παιδαγωγικής μεθόδου Montessori, το σκαλάκι αυτό δεν είναι απλώς ένα έπιπλο, αλλά ένας πολύτιμος σύμμαχος στην καθημερινή ανάπτυξη των δεξιοτήτων του μικρού σας εξερευνητή.<br />
Είτε πρόκειται για το πλύσιμο των χεριών στο νιπτήρα, τη βοήθεια στην προετοιμασία του φαγητού στην κουζίνα, είτε για την πρόσβαση στα αγαπημένα του βιβλία, το RICKI προσφέρει τη σταθερότητα και την ασφάλεια που χρειάζεται κάθε παιδί για να νιώσει αυτόνομο και ικανό.<br />
________________________________________<br />
Ανάλυση Υλικών και Premium Κατασκευή<br />
<br />
Η ποιότητα συνδυάζεται με την αντοχή σε μια κατασκευή που σέβεται το παιδί και το περιβάλλον:<br />
•Συνδυασμός υψηλής ποιότητας κόντρα πλακέ και MDF για μέγιστη σταθερότητα και μακροχρόνια χρήση<br />
•Στιβαρός σχεδιασμός με στρογγυλεμένες γωνίες για απόλυτη ασφάλεια κατά την κίνηση<br />
•Εργονομική δομή δύο επιπέδων που διευκολύνει την ανάβαση ακόμη και για τα πιο μικρά παιδιά<br />
________________________________________<br />
Σκοπός<br />
•Ενίσχυση Αυτονομίας: Επιτρέπει στο παιδί να φτάνει με ασφάλεια σε ύψη που προηγουμένως ήταν απρόσιτα<br />
•Ανάπτυξη Αυτοπεποίθησης: Η επιτυχής ολοκλήρωση καθημερινών εργασιών χωρίς βοήθεια τονώνει τον ψυχισμό του παιδιού<br />
•Συμμετοχή στην Οικογενειακή Ζωή: Μετατρέπει τις καθημερινές ρουτίνες σε ευκαιρίες για μάθηση και παιχνίδι<br />
________________________________________<br />
Οδηγίες Συντήρησης <br />
•Καθαρισμός με ένα μαλακό, ελαφρώς νωπό πανί για την αφαίρεση της σκόνης και των λεκέδων<br />
•Αποφύγετε τη χρήση σκληρών χημικών καθαριστικών που μπορεί να αλλοιώσουν την επιφάνεια του ξύλου<br />
•Στεγνώστε αμέσως την επιφάνεια σε περίπτωση που πέσει νερό για να προστατεύσετε τη δομή του υλικού<br />
•Διατηρήστε το έπιπλο μακριά από άμεσες πηγές έντονης θερμότητας ή παρατεταμένη υγρασία<br />
________________________________________<br />
Τεχνικά Χαρακτηριστικά<br />
•Μοντέλο: RICKI (Type Montessori)<br />
•Υλικό: Κόντρα Πλακέ & MDF (15mm)<br />
•Χρώμα: Φυσικό (Natural Wood)<br />
•Διαστάσεις: 33x43.5x40.5Υ εκ.---Σκαλιά: 30x20 εκ. 30x17 εκ.<br />
--------------------------------------------<br />
*Το προϊόν παραδίδεται σε εργοστασιακή συσκευασία<br />
**Η ακριβής χρωματική απόδοση του προϊόντος ενδέχεται να διαφέρει ελάχιστα από το πραγματικό λόγω των διαφορετικών ρυθμίσεων της κάθε οθόνης.",17.6499996,32.9,42.77,47,Διαθέσιμο,5.2,HM18340.01,5208067211451,https://www.b2bmarkt.gr/img/prd/o/76546/paidiki-skala-skampo-fb91834001-mdf-kont.jpg; https://www.b2bmarkt.gr/img/prd/o/76546/paidiki-skala-skampo-fb91834001-mdf-kont-1.jpg; https://www.b2bmarkt.gr/img/prd/o/76546/paidiki-skala-skampo-fb91834001-mdf-kont-2.jpg; https://www.b2bmarkt.gr/img/prd/o/76546/paidiki-skala-skampo-fb91834001-mdf-kont-3.jpg; https://www.b2bmarkt.gr/img/prd/o/76546/paidiki-skala-skampo-fb91834001-mdf-kont-4.jpg; https://www.b2bmarkt.gr/img/prd/o/76546/paidiki-skala-skampo-fb91834001-mdf-kont-5.jpg; https://www.b2bmarkt.gr/img/prd/o/76546/paidiki-skala-skampo-fb91834001-mdf-kont-6.jpg; https://www.b2bmarkt.gr/img/prd/o/76546/paidiki-skala-skampo-fb91834001-mdf-kont-7.jpg; https://www.b2bmarkt.gr/img/prd/o/76546/paidiki-skala-skampo-fb91834001-mdf-kont-8.jpg; https://www.b2bmarkt.gr/img/prd/o/76546/paidiki-skala-skampo-fb91834001-mdf-kont-9.jpg,[L] Εσωτερικός χώρος > [L] Παιδικό δωμάτιο,L:0.51 W:0.45 H:0.1 Weight:5.2kg Vol:0.019m3
0509921,ΠΑΙΔΙΚΗ ΣΚΑΛΑ/ΣΚΑΜΠΟ RICKI HM18340.03 MDF & ΚΟΝΤΡΑΠΛΑΚΕ ΛΕΥΚΟ 33x43.5x40.5Υεκ,"Παιδικό Σκαλάκι RICKI (τύπου Montessori): Το Πρώτο Βήμα προς την Ανεξαρτησία—ΛΕΥΚΟ χρώμα<br />
<br />
Χαρίστε στο παιδί σας την αυτοπεποίθηση να εξερευνήσει τον κόσμο από ψηλά με το παιδικό σκαλάκι RICKI. Σχεδιασμένο με βάση τις αρχές της παιδαγωγικής μεθόδου Montessori, το σκαλάκι αυτό δεν είναι απλώς ένα έπιπλο, αλλά ένας πολύτιμος σύμμαχος στην καθημερινή ανάπτυξη των δεξιοτήτων του μικρού σας εξερευνητή.<br />
Είτε πρόκειται για το πλύσιμο των χεριών στο νιπτήρα, τη βοήθεια στην προετοιμασία του φαγητού στην κουζίνα, είτε για την πρόσβαση στα αγαπημένα του βιβλία, το RICKI προσφέρει τη σταθερότητα και την ασφάλεια που χρειάζεται κάθε παιδί για να νιώσει αυτόνομο και ικανό.<br />
________________________________________<br />
Ανάλυση Υλικών και Premium Κατασκευή<br />
<br />
Η ποιότητα συνδυάζεται με την αντοχή σε μια κατασκευή που σέβεται το παιδί και το περιβάλλον:<br />
•Συνδυασμός υψηλής ποιότητας κόντρα πλακέ και MDF για μέγιστη σταθερότητα και μακροχρόνια χρήση<br />
•Στιβαρός σχεδιασμός με στρογγυλεμένες γωνίες για απόλυτη ασφάλεια κατά την κίνηση<br />
•Εργονομική δομή δύο επιπέδων που διευκολύνει την ανάβαση ακόμη και για τα πιο μικρά παιδιά<br />
________________________________________<br />
Σκοπός<br />
•Ενίσχυση Αυτονομίας: Επιτρέπει στο παιδί να φτάνει με ασφάλεια σε ύψη που προηγουμένως ήταν απρόσιτα<br />
•Ανάπτυξη Αυτοπεποίθησης: Η επιτυχής ολοκλήρωση καθημερινών εργασιών χωρίς βοήθεια τονώνει τον ψυχισμό του παιδιού<br />
•Συμμετοχή στην Οικογενειακή Ζωή: Μετατρέπει τις καθημερινές ρουτίνες σε ευκαιρίες για μάθηση και παιχνίδι<br />
________________________________________<br />
Οδηγίες Συντήρησης <br />
•Καθαρισμός με ένα μαλακό, ελαφρώς νωπό πανί για την αφαίρεση της σκόνης και των λεκέδων<br />
•Αποφύγετε τη χρήση σκληρών χημικών καθαριστικών που μπορεί να αλλοιώσουν την επιφάνεια του ξύλου<br />
•Στεγνώστε αμέσως την επιφάνεια σε περίπτωση που πέσει νερό για να προστατεύσετε τη δομή του υλικού<br />
•Διατηρήστε το έπιπλο μακριά από άμεσες πηγές έντονης θερμότητας ή παρατεταμένη υγρασία<br />
________________________________________<br />
Τεχνικά Χαρακτηριστικά<br />
•Μοντέλο: RICKI (Type Montessori)<br />
•Υλικό: Κόντρα Πλακέ & MDF (15mm)<br />
•Χρώμα: ΛΕΥΚΟ<br />
•Διαστάσεις: 33x43.5x40.5Υ εκ.---Σκαλιά: 30x20 εκ. 30x17 εκ.<br />
--------------------------------------------<br />
*Το προϊόν παραδίδεται σε εργοστασιακή συσκευασία<br />
**Η ακριβής χρωματική απόδοση του προϊόντος ενδέχεται να διαφέρει ελάχιστα από το πραγματικό λόγω των διαφορετικών ρυθμίσεων της κάθε οθόνης.",17.6499996,32.9,42.77,49,Διαθέσιμο,5.2,HM18340.03,5208067211468,https://www.b2bmarkt.gr/img/prd/o/76547/paidiki-skala-skampo-fb91834003-mdf-kont.jpg; https://www.b2bmarkt.gr/img/prd/o/76547/paidiki-skala-skampo-fb91834003-mdf-kont-1.jpg; https://www.b2bmarkt.gr/img/prd/o/76547/paidiki-skala-skampo-fb91834003-mdf-kont-2.jpg; https://www.b2bmarkt.gr/img/prd/o/76547/paidiki-skala-skampo-fb91834003-mdf-kont-3.jpg; https://www.b2bmarkt.gr/img/prd/o/76547/paidiki-skala-skampo-fb91834003-mdf-kont-4.jpg; https://www.b2bmarkt.gr/img/prd/o/76547/paidiki-skala-skampo-fb91834003-mdf-kont-5.jpg; https://www.b2bmarkt.gr/img/prd/o/76547/paidiki-skala-skampo-fb91834003-mdf-kont-6.jpg,[L] Εσωτερικός χώρος > [L] Παιδικό δωμάτιο,L:0.51 W:0.45 H:0.1 Weight:5.2kg Vol:0.019m3
0509917,ΠΥΡΓΟΣ ΕΚΜΑΘΗΣΗΣ τ.MONTESSORI PEPE HM9291.01 ΞΥΛΟ ΠΕΥΚΟΥ ΦΥΣΙΚΟ 55x53x90Υεκ,"Ο παιδικός πύργος εκμάθησης PEPE αποτελεί ένα απαραίτητο εργαλείο για κάθε σπίτι που ακολουθεί τις αρχές της μεθόδου Montessori, ενισχύοντας την αυτονομία του παιδιού με ασφάλεια.<br />
________________________________________<br />
Ανάλυση Υλικών:<br />
•Κατασκευή από φυσικό ξύλο πεύκου σε ΦΥΣΙΚΟ χρώμα.<br />
•Σταθερή και ανθεκτική δομή.<br />
•Λείες επιφάνειες με προσεγμένο φινίρισμα.<br />
________________________________________<br />
Διαστάσεις:<br />
55x53x90Υ εκ.---Σκαλιά: 41x28 εκ. 33x28 εκ.<br />
________________________________________<br />
Γιατί μας αρέσει / Σκοπός:<br />
•Ενισχύει την αυτονομία του παιδιού.<br />
•Δημιουργεί ασφαλή συμμετοχή στις καθημερινές δραστηριότητες.<br />
•Συνδυάζει μάθηση και παιχνίδι.<br />
•Minimal design που ταιριάζει σε κάθε χώρο.<br />
•Πολυχρηστική κατασκευή με πρακτικό χαρακτήρα.<br />
________________________________________<br />
Συντήρηση:<br />
-Καθαρίζεται με μαλακό νωπό πανί.<br />
-Αποφύγετε την υπερβολική υγρασία.<br />
-Μη χρησιμοποιείτε ισχυρά καθαριστικά.<br />
--------------------------------------------<br />
*Το προϊόν παραδίδεται σε εργοστασιακή συσκευασία<br />
**Η ακριβής χρωματική απόδοση του προϊόντος ενδέχεται να διαφέρει ελάχιστα από το πραγματικό λόγω των διαφορετικών ρυθμίσεων της κάθε οθόνης.",34.8499985,64.9,84.37,78,Διαθέσιμο,7.5,HM9291.01,5208067211413,https://www.b2bmarkt.gr/img/prd/o/76548/pyrgos-ekmathisis-tmontessori-fb9929101-.jpg; https://www.b2bmarkt.gr/img/prd/o/76548/pyrgos-ekmathisis-tmontessori-fb9929101--1.jpg; https://www.b2bmarkt.gr/img/prd/o/76548/pyrgos-ekmathisis-tmontessori-fb9929101--2.jpg; https://www.b2bmarkt.gr/img/prd/o/76548/pyrgos-ekmathisis-tmontessori-fb9929101--3.jpg; https://www.b2bmarkt.gr/img/prd/o/76548/pyrgos-ekmathisis-tmontessori-fb9929101--4.jpg; https://www.b2bmarkt.gr/img/prd/o/76548/pyrgos-ekmathisis-tmontessori-fb9929101--5.jpg; https://www.b2bmarkt.gr/img/prd/o/76548/pyrgos-ekmathisis-tmontessori-fb9929101--6.jpg; https://www.b2bmarkt.gr/img/prd/o/76548/pyrgos-ekmathisis-tmontessori-fb9929101--7.jpg; https://www.b2bmarkt.gr/img/prd/o/76548/pyrgos-ekmathisis-tmontessori-fb9929101--8.jpg; https://www.b2bmarkt.gr/img/prd/o/76548/pyrgos-ekmathisis-tmontessori-fb9929101--9.jpg,[L] Εσωτερικός χώρος > [L] Παιδικό δωμάτιο,L:0.98 W:0.565 H:0.085 Weight:7.5kg Vol:0.054m3
0509935,ΠΑΙΔΙΚΟ ΚΡΕΒΑΤΙ τ.MONTESSORI DOMER HM742.01 ΞΥΛΟ ΠΕΥΚΟΥ ΛΕΥΚΟ--ΓΙΑ 90x190εκ,"Το DOMER είναι ακόμα ένα καινούργιο παιδικό κρεβάτι τύπου Montessori που σημαίνει ότι έχει σχεδιαστεί σύμφωνα με το εκπαιδευτικό σύστημα Montessori, κατά το οποίο τα παιδιά μαθαίνουν καλύτερα, όταν επιλέγουν μόνα τους τι θα κάνουν. Το κρεβάτι διαθέτει σχετικά ψηλά πόδια, και είναι σε διάσταση για μονό στρώμα 90x190 εκ, αποτελώντας μια άριστης ποιότητας, μοντέρνα και ασφαλή επιλογή για το παιδικό δωμάτιο. Είναι ξύλινο σε ΛΕΥΚΟ χρώμα βαμμένο με αβλαβές μη τοξικό βερνίκι με βάση το νερό, ιδανικό για παιδιά. Το στρώμα τοποθετείται σε τάβλες κατασκευασμένες από ξυλεία κόντρα πλακέ. Ολόκληρο το κρεβάτι έχει σχήμα σπιτιού με 2 παραθυράκια σε ΜΑΥΡΟ χρώμα, που θα δώσει μια ευχάριστη, «ζεστή», και παιχνιδιάρικη όψη σε κάθε παιδικό δωμάτιο. <br />
-------------------------------------------------------<br />
ΔΙΑΣΤΑΣΕΙΣ:<br />
196x97x160Υ εκ.<br />
ΔΙΑΣΤΑΣΕΙΣ ΣΤΡΩΜΑΤΟΣ: 90x190εκ.<br />
-------------------------------------------------------<br />
ΥΛΙΚΟ ΚΑΤΑΣΚΕΥΗΣ:<br />
Το κρεβάτι είναι εξολοκλήρου κατασκευασμένο από μασίφ ξύλο πεύκου. Το πεύκο είναι ένα μαλακό, λευκό ή ανοιχτό κίτρινο ξύλο το οποίο είναι ελαφρύ σε βάρος με ευθύγραμμα νερά ξύλου και αντέχει στη συρρίκνωση, την διόγκωση και την κάμψη. <br />
-------------------------------------------------------<br />
ΣΥΝΤΗΡΗΣΗ:<br />
Για το απλό καθάρισμα, χρησιμοποιείστε ένα υγρό πανάκι και περάστε όλες τις επιφάνειες. Μην χρησιμοποιείτε ισχυρά λευκαντικά.<br />
-------------------------------------------------------<br />
*Το προϊόν παραδίδεται αμοντάριστο σε εργοστασιακές συσκευασίες<br />
**Η ακριβής χρωματική απόδοση του προϊόντος ενδέχεται να διαφέρει ελάχιστα από το πραγματικό λόγω των διαφορετικών ρυθμίσεων της κάθε οθόνης.<br />
***Το στρώμα δεν περιλαμβάνεται στην τιμή",135,269.9,350.87,45,Διαθέσιμο,31,HM742.01,5208067211604,https://www.b2bmarkt.gr/img/prd/o/76551/paidiko-krebati-tmontessori-fb974201-xyl.jpg; https://www.b2bmarkt.gr/img/prd/o/76551/paidiko-krebati-tmontessori-fb974201-xyl-1.jpg; https://www.b2bmarkt.gr/img/prd/o/76551/paidiko-krebati-tmontessori-fb974201-xyl-2.jpg; https://www.b2bmarkt.gr/img/prd/o/76551/paidiko-krebati-tmontessori-fb974201-xyl-3.jpg; https://www.b2bmarkt.gr/img/prd/o/76551/paidiko-krebati-tmontessori-fb974201-xyl-4.jpg; https://www.b2bmarkt.gr/img/prd/o/76551/paidiko-krebati-tmontessori-fb974201-xyl-5.jpg; https://www.b2bmarkt.gr/img/prd/o/76551/paidiko-krebati-tmontessori-fb974201-xyl-6.jpg; https://www.b2bmarkt.gr/img/prd/o/76551/paidiko-krebati-tmontessori-fb974201-xyl-7.jpg; https://www.b2bmarkt.gr/img/prd/o/76551/paidiko-krebati-tmontessori-fb974201-xyl-8.jpg; https://www.b2bmarkt.gr/img/prd/o/76551/paidiko-krebati-tmontessori-fb974201-xyl-9.jpg,[L] Εσωτερικός χώρος > [L] Παιδικό δωμάτιο > [L] Κρεβάτια,L:2 W:0.215 H:0.14 Weight:19.5kg Vol:0.06m3
0509920,ΤΡΑΠΕΖΑΚΙ ΠΑΙΔΙΚΟ ΜΕ ΑΠΟΘ.ΧΩΡΟΥΣ RICKI HM18339.03 MDF & ΣΥΜΗΔΑ ΣΕ ΛΕΥΚΟ 65x65x47Υεκ,"Παιδικό Τραπεζάκι με Αποθηκευτικό Χώρο RICKI (τ. Montessori) –ΛΕΥΚΟ χρώμα<br />
________________________________________<br />
Περιγραφή Προϊόντος<br />
Το παιδικό τραπεζάκι RICKI είναι σχεδιασμένο για να προσφέρει έναν λειτουργικό και ασφαλή χώρο δημιουργίας για το παιδί. Με τετράγωνο σχήμα και στρογγυλεμένες γωνίες, εξασφαλίζει άνεση και προστασία κατά τη χρήση, ενώ η φυσική του αισθητική ταιριάζει αρμονικά σε κάθε παιδικό δωμάτιο.<br />
Οι ενσωματωμένοι αποθηκευτικοί χώροι στις δύο πλευρές προσφέρουν πρακτική οργάνωση για βιβλία, παιχνίδια και είδη ζωγραφικής, κρατώντας τον χώρο τακτοποιημένο και εύκολα προσβάσιμο.<br />
________________________________________<br />
Ανάλυση Υλικών<br />
•Πόδια από φυσικό ξύλο σημύδας <br />
•Επιφάνεια και σώμα από MDF πάχους 15mm <br />
•Σταθερή και ανθεκτική κατασκευή <br />
•Στρογγυλεμένες γωνίες για αυξημένη ασφάλεια <br />
•Ενσωματωμένοι αποθηκευτικοί χώροι δύο πλευρών <br />
________________________________________<br />
Διαστάσεις<br />
65x65x47Υ εκ.<br />
Αποθηκευτικός χώρος: 30x20x5Y εκ.<br />
Απόσταση ποδιών: 46x46<br />
________________________________________<br />
Γιατί μας αρέσει<br />
•Ενθαρρύνει τη δημιουργικότητα και την αυτονομία <br />
•Συνδυάζει επιφάνεια εργασίας και αποθήκευση <br />
•Ασφαλής σχεδιασμός για καθημερινή χρήση <br />
•Minimal αισθητική που ταιριάζει παντού <br />
•Ιδανικό για ζωγραφική, παιχνίδι και δραστηριότητες <br />
________________________________________<br />
Συντήρηση<br />
•Καθαρίζεται με μαλακό νωπό πανί <br />
•Αποφύγετε την υπερβολική υγρασία <br />
•Μη χρησιμοποιείτε ισχυρά καθαριστικά<br />
--------------------------------------------<br />
*Το προϊόν παραδίδεται σε εργοστασιακή συσκευασία<br />
**Η ακριβής χρωματική απόδοση του προϊόντος ενδέχεται να διαφέρει ελάχιστα από το πραγματικό λόγω των διαφορετικών ρυθμίσεων της κάθε οθόνης.",32.2000008,59.9,77.87,47,Διαθέσιμο,10.5,HM18339.03,5208067211444,https://www.b2bmarkt.gr/img/prd/o/76552/trapezaki-paidiko-me-apothchoroys-fb9183.jpg; https://www.b2bmarkt.gr/img/prd/o/76552/trapezaki-paidiko-me-apothchoroys-fb9183-1.jpg; https://www.b2bmarkt.gr/img/prd/o/76552/trapezaki-paidiko-me-apothchoroys-fb9183-2.jpg; https://www.b2bmarkt.gr/img/prd/o/76552/trapezaki-paidiko-me-apothchoroys-fb9183-3.jpg; https://www.b2bmarkt.gr/img/prd/o/76552/trapezaki-paidiko-me-apothchoroys-fb9183-4.jpg; https://www.b2bmarkt.gr/img/prd/o/76552/trapezaki-paidiko-me-apothchoroys-fb9183-5.jpg; https://www.b2bmarkt.gr/img/prd/o/76552/trapezaki-paidiko-me-apothchoroys-fb9183-6.jpg; https://www.b2bmarkt.gr/img/prd/o/76552/trapezaki-paidiko-me-apothchoroys-fb9183-7.jpg; https://www.b2bmarkt.gr/img/prd/o/76552/trapezaki-paidiko-me-apothchoroys-fb9183-8.jpg; https://www.b2bmarkt.gr/img/prd/o/76552/trapezaki-paidiko-me-apothchoroys-fb9183-9.jpg,[L] Εσωτερικός χώρος > [L] Παιδικό δωμάτιο > [L] Τραπέζια,L:0.72 W:0.695 H:0.15 Weight:10.5kg Vol:0.058m3
0509923,ΠΑΙΔΙΚΟ ΤΡΟΛΕΥ/ΚΑΡΟΤΣΑΚΙ RICKI HM18341.01 MDF & ΚΟΝΤΡΑΠΛΑΚΕ ΦΥΣΙΚΟ 33x45x50Υεκ,"Παιδικό Τρόλεϊ / Καροτσάκι RICKI (Τύπου Montessori) – Φυσικό Χρώμα<br />
<br />
Το παιδικό τρόλεϊ RICKI είναι ένα πολυλειτουργικό παιχνίδι εμπνευσμένο από τη μέθοδο Montessori, σχεδιασμένο να ενισχύει την ανεξαρτησία και την κινητική ανάπτυξη του παιδιού. Με την μίνιμαλ αισθητική του και τη στιβαρή ξύλινη κατασκευή, αποτελεί την ιδανική προσθήκη για κάθε παιδικό δωμάτιο.<br />
________________________________________<br />
Σκοπός & Οφέλη:<br />
•Υποστήριξη Πρώτων Βημάτων: Λειτουργεί ως βοήθημα βάδισης, προσφέροντας σταθερότητα καθώς το παιδί εξερευνά τον χώρο.<br />
•Ανεξάρτητο Παιχνίδι: Ενθαρρύνει το παιδί να οργανώνει και να μεταφέρει τα αγαπημένα του παιχνίδια μόνο του.<br />
•Ανάπτυξη Δεξιοτήτων: Ενισχύει την ισορροπία, τον συντονισμό κινήσεων και την αίσθηση του προσανατολισμού.<br />
________________________________________<br />
Ανάλυση Υλικών & Ποιότητα Κατασκευής:<br />
Το καρότσι είναι κατασκευασμένο από υλικά υψηλής αντοχής για μέγιστη ασφάλεια:<br />
•Κόντρα Πλακέ & MDF: Συνδυασμός υλικών πάχους 15mm που εξασφαλίζει στιβαρότητα και μακροζωία.<br />
•Στρογγυλεμένες Γωνίες: Σχεδιασμένο για την αποφυγή τραυματισμών κατά τη διάρκεια του παιχνιδιού.<br />
________________________________________<br />
Διαστάσεις:<br />
•Συνολικές Διαστάσεις: 33 x 45 x 50 (Ύψος) εκ.<br />
•Αποθηκευτικός Χώρος: 30 x 26 x 16 (Ύψος) εκ.<br />
________________________________________<br />
Συντήρηση & Φροντίδα:<br />
Για να διατηρήσετε το ξύλινο καρότσι σε άριστη κατάσταση:<br />
•Καθαρίστε με ένα ελαφρώς νωπό, μαλακό πανί.<br />
•Αποφύγετε τη χρήση ισχυρών χημικών καθαριστικών που μπορεί να αλλοιώσουν την επιφάνεια του ξύλου.<br />
•Στεγνώστε αμέσως με ένα στεγνό πανί για να προστατεύσετε το υλικό από την υγρασία.<br />
________________________________________<br />
--------------------------------------------<br />
*Το προϊόν παραδίδεται σε εργοστασιακή συσκευασία<br />
**Η ακριβής χρωματική απόδοση του προϊόντος ενδέχεται να διαφέρει ελάχιστα από το πραγματικό λόγω των διαφορετικών ρυθμίσεων της κάθε οθόνης.",24.1399994,44.9,58.37,47,Διαθέσιμο,4.4,HM18341.01,5208067211475,https://www.b2bmarkt.gr/img/prd/o/76553/paidiko-troley-karotsaki-fb91834101-mdf-.jpg; https://www.b2bmarkt.gr/img/prd/o/76553/paidiko-troley-karotsaki-fb91834101-mdf--1.jpg; https://www.b2bmarkt.gr/img/prd/o/76553/paidiko-troley-karotsaki-fb91834101-mdf--2.jpg; https://www.b2bmarkt.gr/img/prd/o/76553/paidiko-troley-karotsaki-fb91834101-mdf--3.jpg; https://www.b2bmarkt.gr/img/prd/o/76553/paidiko-troley-karotsaki-fb91834101-mdf--4.jpg; https://www.b2bmarkt.gr/img/prd/o/76553/paidiko-troley-karotsaki-fb91834101-mdf--5.jpg; https://www.b2bmarkt.gr/img/prd/o/76553/paidiko-troley-karotsaki-fb91834101-mdf--6.jpg; https://www.b2bmarkt.gr/img/prd/o/76553/paidiko-troley-karotsaki-fb91834101-mdf--7.jpg; https://www.b2bmarkt.gr/img/prd/o/76553/paidiko-troley-karotsaki-fb91834101-mdf--8.jpg; https://www.b2bmarkt.gr/img/prd/o/76553/paidiko-troley-karotsaki-fb91834101-mdf--9.jpg,[L] Εσωτερικός χώρος > [L] Παιδικό δωμάτιο,L:0.53 W:0.5 H:0.1 Weight:4.4kg Vol:0.024m3
0509924,ΠΑΙΔΙΚΟ ΤΡΟΛΕΥ/ΚΑΡΟΤΣΑΚΙ RICKI HM18341.03 MDF & ΚΟΝΤΡΑΠΛΑΚΕ ΛΕΥΚΟ 33x45x50Υεκ,"Παιδικό Τρόλεϊ / Καροτσάκι RICKI (Τύπου Montessori) – Λευκό Χρώμα<br />
<br />
Το παιδικό τρόλεϊ RICKI είναι ένα πολυλειτουργικό παιχνίδι εμπνευσμένο από τη μέθοδο Montessori, σχεδιασμένο να ενισχύει την ανεξαρτησία και την κινητική ανάπτυξη του παιδιού. Με την μίνιμαλ αισθητική του και τη στιβαρή ξύλινη κατασκευή, αποτελεί την ιδανική προσθήκη για κάθε παιδικό δωμάτιο.<br />
________________________________________<br />
Σκοπός & Οφέλη:<br />
•Υποστήριξη Πρώτων Βημάτων: Λειτουργεί ως βοήθημα βάδισης, προσφέροντας σταθερότητα καθώς το παιδί εξερευνά τον χώρο.<br />
•Ανεξάρτητο Παιχνίδι: Ενθαρρύνει το παιδί να οργανώνει και να μεταφέρει τα αγαπημένα του παιχνίδια μόνο του.<br />
•Ανάπτυξη Δεξιοτήτων: Ενισχύει την ισορροπία, τον συντονισμό κινήσεων και την αίσθηση του προσανατολισμού.<br />
________________________________________<br />
Ανάλυση Υλικών & Ποιότητα Κατασκευής:<br />
Το καρότσι είναι κατασκευασμένο από υλικά υψηλής αντοχής για μέγιστη ασφάλεια:<br />
•Κόντρα Πλακέ & MDF: Συνδυασμός υλικών πάχους 15mm που εξασφαλίζει στιβαρότητα και μακροζωία.<br />
•Στρογγυλεμένες Γωνίες: Σχεδιασμένο για την αποφυγή τραυματισμών κατά τη διάρκεια του παιχνιδιού.<br />
________________________________________<br />
Διαστάσεις:<br />
•Συνολικές Διαστάσεις: 33 x 45 x 50 (Ύψος) εκ.<br />
•Αποθηκευτικός Χώρος: 30 x 26 x 16 (Ύψος) εκ.<br />
________________________________________<br />
Συντήρηση & Φροντίδα:<br />
Για να διατηρήσετε το ξύλινο καρότσι σε άριστη κατάσταση:<br />
•Καθαρίστε με ένα ελαφρώς νωπό, μαλακό πανί.<br />
•Αποφύγετε τη χρήση ισχυρών χημικών καθαριστικών που μπορεί να αλλοιώσουν την επιφάνεια του ξύλου.<br />
•Στεγνώστε αμέσως με ένα στεγνό πανί για να προστατεύσετε το υλικό από την υγρασία.<br />
________________________________________<br />
--------------------------------------------<br />
*Το προϊόν παραδίδεται σε εργοστασιακή συσκευασία<br />
**Η ακριβής χρωματική απόδοση του προϊόντος ενδέχεται να διαφέρει ελάχιστα από το πραγματικό λόγω των διαφορετικών ρυθμίσεων της κάθε οθόνης.",24.1399994,44.9,58.37,48,Διαθέσιμο,4.4,HM18341.03,5208067211482,https://www.b2bmarkt.gr/img/prd/o/76554/paidiko-troley-karotsaki-fb91834103-mdf-.jpg; https://www.b2bmarkt.gr/img/prd/o/76554/paidiko-troley-karotsaki-fb91834103-mdf--1.jpg; https://www.b2bmarkt.gr/img/prd/o/76554/paidiko-troley-karotsaki-fb91834103-mdf--2.jpg; https://www.b2bmarkt.gr/img/prd/o/76554/paidiko-troley-karotsaki-fb91834103-mdf--3.jpg; https://www.b2bmarkt.gr/img/prd/o/76554/paidiko-troley-karotsaki-fb91834103-mdf--4.jpg; https://www.b2bmarkt.gr/img/prd/o/76554/paidiko-troley-karotsaki-fb91834103-mdf--5.jpg; https://www.b2bmarkt.gr/img/prd/o/76554/paidiko-troley-karotsaki-fb91834103-mdf--6.jpg; https://www.b2bmarkt.gr/img/prd/o/76554/paidiko-troley-karotsaki-fb91834103-mdf--7.jpg; https://www.b2bmarkt.gr/img/prd/o/76554/paidiko-troley-karotsaki-fb91834103-mdf--8.jpg,[L] Εσωτερικός χώρος > [L] Παιδικό δωμάτιο,L:0.53 W:0.5 H:0.1 Weight:4.4kg Vol:0.024m3
