Handle,Title,Body (HTML),Vendor,Product Category,Type,Tags,Published,Option1 Name,Option1 Value,Variant SKU,Variant Inventory Tracker,Variant Inventory Qty,Variant Inventory Policy,Variant Fulfillment Service,Variant Price,Variant Compare At Price,Variant Requires Shipping,Variant Taxable,Variant Barcode,Image Src,Image Position,Image Alt Text,Gift Card,SEO Title,SEO Description,Variant Weight Unit,Variant Grams,Status
mc-0509919,Детско трапезарно масичка с място за съхранение 65x65x47 см естествен,"<p><strong>Въведение</strong></p>
Детска масичка с място за съхранение RICKI (в стил Montessori) – натурален цвят<br />
________________________________________<br />
<p><strong>Описание на продукта</strong></p>
Детската масичка RICKI е проектирана да осигури функционално и безопасно място за творчество на детето. С квадратна форма и заоблени ъгли, тя гарантира комфорт и защита при употреба, а естественият ѝ вид се вписва хармонично във всяка детска стая.<br />
Вградените пространства за съхранение от двете страни предлагат практична организация за книги, играчки и материали за рисуване, като поддържат пространството подредено и лесно достъпно.<br />
________________________________________<br />
<p><strong>Материали</strong></p>
<ul>
<li><strong>Крака:</strong> от естествен брезов дървен материал</li>
<li><strong>Повърхност и корпус:</strong> MDF с дебелина 15mm</li>
<li><strong>Конструкция:</strong> стабилна и издръжлива</li>
<li><strong>Ъгли:</strong> заоблени за повишена безопасност</li>
<li><strong>Съхранение:</strong> вградени пространства от двете страни</li>
</ul>
________________________________________<br />
<p><strong>Размери</strong></p>
65x65x47В см<br />
Място за съхранение: 30x20x5В см<br />
Разстояние между краката: 46x46<br />
________________________________________<br />
<p><strong>Защо го харесваме</strong></p>
<ul>
<li><strong>Подпомага:</strong> творчеството и самостоятелността</li>
<li><strong>Комбинира:</strong> работна повърхност и място за съхранение</li>
<li><strong>Безопасен дизайн:</strong> за ежедневна употреба</li>
<li><strong>Минималистичен стил:</strong> подходящ навсякъде</li>
<li><strong>Идеален за:</strong> рисуване, игра и занимания</li>
</ul>
________________________________________<br />
<p><strong>Поддръжка</strong></p>
<ul>
<li><strong>Почистване:</strong> с мека влажна кърпа</li>
<li><strong>Избягвайте:</strong> прекомерна влага</li>
<li><strong>Не използвайте:</strong> силни почистващи препарати</li>
</ul> - - - - - - - - - - - - - - - - - - - - - -<br />
*Продуктът се доставя в заводска опаковка<br />
**Точният цвят на продукта може да се различава леко от реалния поради различните настройки на всеки екран.",Europe,,Детски маси,Детска стая,FALSE,Title,Default Title,0509919,shopify,47,deny,manual,99.82,77.87,TRUE,TRUE,5208067211437,https://www.b2bmarkt.gr/img/prd/o/76555/trapezaki-paidiko-me-apothchoroys-fb9183.jpg,1,ДЕТСКА МАСА СЪС СЪХРАНЕНИЕ RICKI MDF & СИМЕДА В ЕСТЕСТВЕН ЦВЯТ 65x65x47См - снимка 1,FALSE,"Детска масичка с място за съхранение RICKI MDF и Симида, на","Детска масичка с място за съхранение RICKI - детска масичка с органайзер в естествен цвят, подходяща за Montessori метод.",kg,9400,draft
mc-0509919,,,,,,,,,,,,,,,,,,,,https://www.b2bmarkt.gr/img/prd/o/76555/trapezaki-paidiko-me-apothchoroys-fb9183-1.jpg,2,ДЕТСКА МАСА СЪС СЪХРАНЕНИЕ RICKI MDF & СИМЕДА В ЕСТЕСТВЕН ЦВЯТ 65x65x47См - снимка 2,,,,,,
mc-0509919,,,,,,,,,,,,,,,,,,,,https://www.b2bmarkt.gr/img/prd/o/76555/trapezaki-paidiko-me-apothchoroys-fb9183-2.jpg,3,ДЕТСКА МАСА СЪС СЪХРАНЕНИЕ RICKI MDF & СИМЕДА В ЕСТЕСТВЕН ЦВЯТ 65x65x47См - снимка 3,,,,,,
mc-0509919,,,,,,,,,,,,,,,,,,,,https://www.b2bmarkt.gr/img/prd/o/76555/trapezaki-paidiko-me-apothchoroys-fb9183-3.jpg,4,ДЕТСКА МАСА СЪС СЪХРАНЕНИЕ RICKI MDF & СИМЕДА В ЕСТЕСТВЕН ЦВЯТ 65x65x47См - снимка 4,,,,,,
mc-0509919,,,,,,,,,,,,,,,,,,,,https://www.b2bmarkt.gr/img/prd/o/76555/trapezaki-paidiko-me-apothchoroys-fb9183-4.jpg,5,ДЕТСКА МАСА СЪС СЪХРАНЕНИЕ RICKI MDF & СИМЕДА В ЕСТЕСТВЕН ЦВЯТ 65x65x47См - снимка 5,,,,,,
mc-0509929,"Детски етажерка с дъска Рики, естествен бор, 43x32x84 см","<p><strong>Въведение</strong></p><p>Детската кула за обучение RICKI е идеалният съюзник за развитието на самостоятелността и креативността на детето. С модулен дизайн и естествена естетика, тя позволява на детето да участва безопасно в ежедневни дейности, комбинирани с игра.</p><p>Вградената повърхност с черна дъска превръща кулата в малко творческо пространство, стимулирайки въображението и ученето чрез игра.</p><ul><li><strong>Материали:</strong> Изработена от естествена борова дървесина.</li><li><strong>Конструкция:</strong> Здрава и устойчива структура.</li><li><strong>Повърхности:</strong> Гладки с прецизно покритие.</li><li><strong>Функция:</strong> Черна дъска за творческа заетост.</li><li><strong>Размери:</strong> 43x32x84 см.</li><li><strong>Предимства:</strong> Модулен дизайн за гъвкаво използване, подпомага самостоятелността на детето, осигурява безопасно участие в ежедневни дейности, съчетава учене и игра, минималистичен дизайн, подходящ за всяко пространство, многофункционална конструкция с практичен характер.</li><li><strong>Поддръжка:</strong> Почиства се с мека влажна кърпа, избягвайте прекомерна влага, не използвайте силни почистващи препарати.</li></ul>",Europe,,Детска стая,Детска стая,FALSE,Title,Default Title,0509929,shopify,46,deny,manual,108.03,84.37,TRUE,TRUE,5208067211536,https://www.b2bmarkt.gr/img/prd/o/76556/pyrgos-ekmathisis-me-pinaka-fb91834401-x.jpg,1,ПИРАМИДА ЗА ОБУЧЕНИЕ С ПЛАН RICKI ЕСТЕСТВЕНА СОПА 43x32x84См - снимка 1,FALSE,"Обучителна кула с дъска RICKI , естествен бор, 43x32x84 см","Детски учебен пирамид с черна дъска RICKI от естествена борова дървесина, размери 43x32x84 см, идеален за развитие и игра.",kg,7700,draft
mc-0509929,,,,,,,,,,,,,,,,,,,,https://www.b2bmarkt.gr/img/prd/o/76556/pyrgos-ekmathisis-me-pinaka-fb91834401-x-1.jpg,2,ПИРАМИДА ЗА ОБУЧЕНИЕ С ПЛАН RICKI ЕСТЕСТВЕНА СОПА 43x32x84См - снимка 2,,,,,,
mc-0509929,,,,,,,,,,,,,,,,,,,,https://www.b2bmarkt.gr/img/prd/o/76556/pyrgos-ekmathisis-me-pinaka-fb91834401-x-2.jpg,3,ПИРАМИДА ЗА ОБУЧЕНИЕ С ПЛАН RICKI ЕСТЕСТВЕНА СОПА 43x32x84См - снимка 3,,,,,,
mc-0509929,,,,,,,,,,,,,,,,,,,,https://www.b2bmarkt.gr/img/prd/o/76556/pyrgos-ekmathisis-me-pinaka-fb91834401-x-3.jpg,4,ПИРАМИДА ЗА ОБУЧЕНИЕ С ПЛАН RICKI ЕСТЕСТВЕНА СОПА 43x32x84См - снимка 4,,,,,,
mc-0509929,,,,,,,,,,,,,,,,,,,,https://www.b2bmarkt.gr/img/prd/o/76556/pyrgos-ekmathisis-me-pinaka-fb91834401-x-4.jpg,5,ПИРАМИДА ЗА ОБУЧЕНИЕ С ПЛАН RICKI ЕСТЕСТВЕНА СОПА 43x32x84См - снимка 5,,,,,,
