sku,title_original,title_bg,description_original,description_bg,seo_title_bg,seo_description_bg,categories_bg,tags,images,price_retail,price_market,stock,barcode,dimensions
0603275,ΚΑΝΑΠΕΣ ΔΕΞΙΑ ΓΩΝΙΑ 5Θ ΜΕ RECLINE COMMODUS SM3315.02R ΜΠΕΖ ΥΦΑΣΜΑ 275x231x77Yεκ,"Десен ъглов диван 5 места с релакс функция, бежов плат 275x231x77 см","Ο COMMODUS είναι ένας premium καναπές εσωτερικού χώρου από την SYMETRON, που σχεδιάστηκε για να προσφέρει κορυφαία άνεση και σύγχρονη λειτουργικότητα. Η 5-θέσια διάταξη σε ΔΕΞΙΑ γωνία με μεγάλες διαστάσεις δημιουργεί έναν επιβλητικό χώρο χαλάρωσης, ιδανικό για σύγχρονα σαλόνια που δίνουν έμφαση τόσο στο design όσο και στην άνεση.<br />
<br />
Ο καναπές είναι επενδυμένος με ποιοτικό ανάγλυφο ύφασμα σε ανοιχτή ΜΠΕΖ απόχρωση που χαρίζει κομψότητα και διαχρονικό χαρακτήρα, ενώ η υφή του προσθέτει βάθος και πολυτελή αίσθηση στον χώρο.<br />
Τα καθίσματα είναι αναπαυτικά και δίνουν μια αίσθηση άνεσης που διατηρείται αναλλοίωτη ακόμη και μετά από έντονη καθημερινή χρήση.<br />
Τα glossy μεταλλικά πόδια αναδεικνύουν τον σύγχρονο χαρακτήρα του καναπέ, ενώ το φαρδύ μπράτσο στη μία πλευρά προσθέτει επιπλέον άνεση και λειτουργικότητα. Παράλληλα, τα προσκέφαλα και στις πέντε θέσεις διαθέτουν ρυθμιζόμενη ανάκλιση με εύχρηστο χειροκίνητο μηχανισμό, επιτρέποντας την προσαρμογή της στήριξης σύμφωνα με τις ανάγκες κάθε χρήστη.<br />
Η θέση που βρίσκεται δίπλα στο μπράτσο διαθέτει ηλεκτρική ανάκλιση που ενεργοποιείται εύκολα μέσω διακοπτών στην εξωτερική πλευρά του μπράτσου, μετατρέποντας το κάθισμα σε μια πραγματική ζώνη χαλάρωσης.<br />
Στο ίδιο σημείο βρίσκεται και μια θύρα φόρτισης USB, μία κλασική και μία Type-C, επιτρέποντας τη φόρτιση κινητών και συσκευών χωρίς να χρειάζεται να απομακρυνθείτε από την άνεση του καναπέ.<br />
<br />
*Ο COMMODUS αποτελεί την ιδανική επιλογή για όσους αναζητούν έναν γωνιακό καναπέ υψηλής αισθητικής που συνδυάζει πολυτέλεια, εργονομία και τεχνολογία σε ένα εντυπωσιακό σύνολο που μεταμορφώνει το σαλόνι σε έναν πραγματικό χώρο χαλάρωσης. Ιδανικός για μοντέρνα καθιστικά, luxury living rooms και contemporary interior design ιδέες.*<br />
----------------------------------------------<br />
*Το προϊόν παραδίδεται ασυναρμολόγητο σε εργοστασιακές συσκευασίες.<br />
** Η χρωματική απόδοση του προϊόντος ενδέχεται να διαφέρει ελαφρώς σε σχέση με την φωτογραφική απεικόνισή του στην οθόνη σας.<br />
----------------------------------------------<br />
ΔΙΑΣΤΑΣΕΙΣ:<br />
275x231(η γωνία)x77Yεκ<br />
----------------------------------------------<br />
ΥΛΙΚΑ ΚΑΤΑΣΚΕΥΗΣ:<br />
-Μεταλλικά πόδια<br />
<br />
-Ανάγλυφο ύφασμα<br />
------------------------------------------<br />
ΣΥΝΤΗΡΗΣΗ: <br />
Πέρα από τακτικό ξεσκόνισμα, μπορείτε να χρησιμοποιείτε ένα υγρό πανί. Μην χρησιμοποιείτε χημικά καθαριστικά.<br />
------------------------------------------<br />
ΠΛΕΟΝΕΚΤΗΜΑΤΑ:<br />
• Μέγεθος <br />
• Ρυθμιζόμενα προσκέφαλα και στις 5 θέσεις με εύχρηστο χειροκίνητο μηχανισμό<br />
• Ηλεκτρική ανάκλιση σε μία θέση για απόλυτη άνεση και χαλάρωση με ενσωματωμένους διακόπτες ελέγχου στην εξωτερική πλευρά του μπράτσου για εύκολη χρήση<br />
• Δύο θύρες φόρτισης USB (κλασική και Type-C) για πρακτικότητα στην καθημερινότητα<br />
• Φαρδύ μπράτσο που ενισχύει την άνεση και την εργονομία.","<p><strong>COMMODUS</strong> е премиум ъглов диван от SYMETRON, проектиран да осигури върховен комфорт и съвременна функционалност. 5-местната му конфигурация с ДЯСНА ъглова форма и големи размери създава внушително пространство за релакс, идеално за модерни дневни, които акцентират както на дизайна, така и на удобството.</p><br /><p>Диванът е тапициран с качествен релефен плат в светъл БЕЖОВ нюанс, който придава елегантност и вечен характер, а текстурата добавя дълбочина и луксозно усещане в помещението.<br />Седалките са удобни и осигуряват усещане за комфорт, което остава непокътнато дори след интензивна ежедневна употреба.<br />Гланцовите метални крака подчертават съвременния характер на дивана, а широкият подлакътник от едната страна добавя допълнително удобство и функционалност. В същото време, облегалките на всички пет места са с регулируем наклон чрез лесен ръчен механизъм, позволяващ персонализирана опора според нуждите на всеки потребител.<br />Позицията до подлакътника разполага с електрическо накланяне, активиращо се лесно чрез бутони от външната страна на подлакътника, превръщайки седалката в истинска зона за релакс.<br />На същото място има и USB портове за зареждане – един класически и един Type-C, които позволяват зареждане на мобилни устройства без да се налага да напускате удобството на дивана.</p><br /><p><strong>*COMMODUS е идеалният избор за тези, които търсят ъглов диван с висока естетика, съчетаващ лукс, ергономия и технологии в впечатляващ ансамбъл, който превръща дневната в истинско място за отдих. Подходящ за модерни дневни, луксозни всекидневни и съвременни интериорни решения.*</strong></p><br />----------------------------------------------<br /><p><strong>Продуктът се доставя разглобен в заводски опаковки.</strong><br /><strong>Цветопредаването на продукта може да се различава леко от фотографското изображение на вашия екран.</strong></p><br />----------------------------------------------<br /><p><strong>РАЗМЕРИ:</strong><br />275x231(ъгъл)x77В см</p><br />----------------------------------------------<br /><p><strong>МАТЕРИАЛИ:</strong><br />- Метални крака<br /><br />- Релефен плат</p><br />------------------------------------------<br /><p><strong>ПОДДРЪЖКА:</strong><br />Освен редовно почистване с прахосмукачка, може да използвате влажна кърпа. Не използвайте химически почистващи препарати.</p><br />------------------------------------------<br /><p><strong>ПРЕДИМСТВА:</strong></p><ul><li><strong>Размер:</strong> голям</li><li><strong>Регулируеми облегалки:</strong> на всички 5 места с лесен ръчен механизъм</li><li><strong>Електрическо накланяне:</strong> на една позиция за максимален комфорт и релакс с вградени бутони за управление от външната страна на подлакътника за лесна употреба</li><li><strong>Два USB порта за зареждане:</strong> класически и Type-C за удобство в ежедневието</li><li><strong>Широк подлакътник:</strong> увеличава комфорта и ергономията</li></ul>",Десен ъглов диван 5 места с релакс COMMODUS SM3315.02R бежов плат 275x,"Десен ъглов диван 5 места с релакс функция COMMODUS SM3315. COMMODUS е премиум диван за вътрешна употреба от SYMETRON, проектиран да осигури комфорт и стил.",[L] Εσωτερικός χώρος > [L] Σαλόνια - γωνίες,Ъглови дивани,https://www.b2bmarkt.gr/img/prd/o/76643/.jpg; https://www.b2bmarkt.gr/img/prd/o/76643/-1.jpg; https://www.b2bmarkt.gr/img/prd/o/76643/-2.jpg; https://www.b2bmarkt.gr/img/prd/o/76643/-3.jpg; https://www.b2bmarkt.gr/img/prd/o/76643/-4.jpg; https://www.b2bmarkt.gr/img/prd/o/76643/-5.jpg; https://www.b2bmarkt.gr/img/prd/o/76643/-6.jpg; https://www.b2bmarkt.gr/img/prd/o/76643/-7.jpg; https://www.b2bmarkt.gr/img/prd/o/76643/-8.jpg; https://www.b2bmarkt.gr/img/prd/o/76643/-9.jpg,1700,0,8,5208067216807,L:1.73 W:0.98 H:0.56 Weight:77kg Vol:0.94m3
0603277,ΚΑΝΑΠΕΣ ΑΡΙΣΤΕΡΗ ΓΩΝΙΑ 5Θ ΜΕ RECLINE COMMODUS SM3315.02L ΜΠΕΖ ΥΦΑΣΜΑ 275x231x77Yεκ,Диван лява ъглова 5-местен с релакс бежов плат 275x231x77 см,"Ο COMMODUS είναι ένας premium καναπές εσωτερικού χώρου από την SYMETRON, που σχεδιάστηκε για να προσφέρει κορυφαία άνεση και σύγχρονη λειτουργικότητα. Η 5-θέσια διάταξη σε ΑΡΙΣΤΕΡΗ γωνία με μεγάλες διαστάσεις δημιουργεί έναν επιβλητικό χώρο χαλάρωσης, ιδανικό για σύγχρονα σαλόνια που δίνουν έμφαση τόσο στο design όσο και στην άνεση.<br />
<br />
Ο καναπές είναι επενδυμένος με ποιοτικό ανάγλυφο ύφασμα σε ανοιχτό ΜΠΕΖ απόχρωση που χαρίζει κομψότητα και διαχρονικό χαρακτήρα, ενώ η υφή του προσθέτει βάθος και πολυτελή αίσθηση στον χώρο.<br />
Τα καθίσματα είναι αναπαυτικά και δίνουν μια αίσθηση άνεσης που διατηρείται αναλλοίωτη ακόμη και μετά από έντονη καθημερινή χρήση.<br />
Τα glossy μεταλλικά πόδια αναδεικνύουν τον σύγχρονο χαρακτήρα του καναπέ, ενώ το φαρδύ μπράτσο στη μία πλευρά προσθέτει επιπλέον άνεση και λειτουργικότητα. Παράλληλα, τα προσκέφαλα και στις πέντε θέσεις διαθέτουν ρυθμιζόμενη ανάκλιση με εύχρηστο χειροκίνητο μηχανισμό, επιτρέποντας την προσαρμογή της στήριξης σύμφωνα με τις ανάγκες κάθε χρήστη.<br />
Η θέση που βρίσκεται δίπλα στο μπράτσο διαθέτει ηλεκτρική ανάκλιση που ενεργοποιείται εύκολα μέσω διακοπτών στην εξωτερική πλευρά του μπράτσου, μετατρέποντας το κάθισμα σε μια πραγματική ζώνη χαλάρωσης.<br />
Στο ίδιο σημείο βρίσκεται και μια θύρα φόρτισης USB, μία κλασική και μία Type-C, επιτρέποντας τη φόρτιση κινητών και συσκευών χωρίς να χρειάζεται να απομακρυνθείτε από την άνεση του καναπέ.<br />
<br />
*Ο COMMODUS αποτελεί την ιδανική επιλογή για όσους αναζητούν έναν γωνιακό καναπέ υψηλής αισθητικής που συνδυάζει πολυτέλεια, εργονομία και τεχνολογία σε ένα εντυπωσιακό σύνολο που μεταμορφώνει το σαλόνι σε έναν πραγματικό χώρο χαλάρωσης. Ιδανικός για μοντέρνα καθιστικά, luxury living rooms και contemporary interior design ιδέες.*<br />
----------------------------------------------<br />
*Το προϊόν παραδίδεται ασυναρμολόγητο σε εργοστασιακές συσκευασίες.<br />
** Η χρωματική απόδοση του προϊόντος ενδέχεται να διαφέρει ελαφρώς σε σχέση με την φωτογραφική απεικόνισή του στην οθόνη σας.<br />
----------------------------------------------<br />
ΔΙΑΣΤΑΣΕΙΣ:<br />
275x231x77Yεκ<br />
----------------------------------------------<br />
ΥΛΙΚΑ ΚΑΤΑΣΚΕΥΗΣ:<br />
-Μεταλλικά πόδια<br />
<br />
-Ανάγλυφο ύφασμα<br />
------------------------------------------<br />
ΣΥΝΤΗΡΗΣΗ: <br />
Πέρα από τακτικό ξεσκόνισμα, μπορείτε να χρησιμοποιείτε ένα υγρό πανί. Μην χρησιμοποιείτε χημικά καθαριστικά.<br />
------------------------------------------<br />
ΠΛΕΟΝΕΚΤΗΜΑΤΑ:<br />
• Μέγεθος <br />
• Ρυθμιζόμενα προσκέφαλα και στις 5 θέσεις με εύχρηστο χειροκίνητο μηχανισμό<br />
• Ηλεκτρική ανάκλιση σε μία θέση για απόλυτη άνεση και χαλάρωση με ενσωματωμένους διακόπτες ελέγχου στην εξωτερική πλευρά του μπράτσου για εύκολη χρήση<br />
• Δύο θύρες φόρτισης USB (κλασική και Type-C) για πρακτικότητα στην καθημερινότητα<br />
• Φαρδύ μπράτσο που ενισχύει την άνεση και την εργονομία.","<p><strong>COMMODUS</strong> е премиум ъглов диван от SYMETRON, проектиран да осигури върховен комфорт и съвременна функционалност. 5-местната конфигурация с ЛЯВ ъгъл и големи размери създава внушително пространство за релакс, идеално за модерни дневни, които акцентират както на дизайна, така и на удобството.</p><br /><p>Диванът е тапициран с качествен релефен плат в светъл БЕЖОВ нюанс, който придава елегантност и вечен характер, а текстурата добавя дълбочина и луксозно усещане в помещението.<br />Седалките са удобни и осигуряват усещане за комфорт, което остава непокътнато дори след интензивна ежедневна употреба.<br />Гланцираните метални крака подчертават съвременния характер на дивана, а широкият подлакътник от едната страна добавя допълнителен комфорт и функционалност. В същото време, облегалките на всички пет места разполагат с регулируемо накланяне чрез лесен ръчен механизъм, позволяващ адаптиране на опората според нуждите на всеки потребител.<br />Позицията до подлакътника има електрическо накланяне, което се активира лесно чрез бутони от външната страна на подлакътника, превръщайки седалката в истинска зона за релакс.<br />На същото място има и USB портове за зареждане – един класически и един Type-C, позволяващи зареждане на мобилни устройства без да се налага да напускате удобството на дивана.</p><br /><p><strong>*COMMODUS</strong> е идеалният избор за тези, които търсят ъглов диван с висока естетика, съчетаващ лукс, ергономия и технологии в впечатляващо цяло, което преобразява дневната в истинско място за релакс. Подходящ за модерни всекидневни, луксозни дневни и съвременни интериорни решения.*</p><br /><hr /><p><em>Продуктът се доставя разглобен в заводски опаковки.<br />Цветовото представяне на продукта може леко да се различава от фотографското изображение на екрана ви.</em></p><hr /><p><strong>РАЗМЕРИ:</strong><br />275x231x77Yсм</p><hr /><p><strong>МАТЕРИАЛИ:</strong><br />- Метални крака<br />- Релефен плат</p><hr /><p><strong>ПОДДРЪЖКА:</strong><br />Освен редовно почистване с прахосмукачка, може да използвате влажна кърпа. Не използвайте химически почистващи препарати.</p><hr /><p><strong>ПРЕДИМСТВА:</strong></p><ul><li><strong>Размер:</strong> голям</li><li><strong>Регулируеми облегалки:</strong> на всички 5 места с лесен ръчен механизъм</li><li><strong>Електрическо накланяне:</strong> на една позиция за максимален комфорт и релакс с вградени бутони за управление от външната страна на подлакътника</li><li><strong>USB портове:</strong> два (класически и Type-C) за удобство в ежедневието</li><li><strong>Широк подлакътник:</strong> повишава комфорта и ергономията</li></ul>",Ляв ъглов диван 5 места с релакс COMMODUS SM3315.02L бежов плат,"КАНАПЕ ЛЯВ ЪГЪЛ 5-МЕСТЕН С RECLINE COMMODUS SM33 - COMMODUS е премиум канапе за вътрешна употреба от SYMETRON, проектирано да предложи комфорт и стил.",[L] Εσωτερικός χώρος > [L] Σαλόνια - γωνίες,Ъглови дивани,https://www.b2bmarkt.gr/img/prd/o/76652/.jpg; https://www.b2bmarkt.gr/img/prd/o/76652/-1.jpg; https://www.b2bmarkt.gr/img/prd/o/76652/-2.jpg; https://www.b2bmarkt.gr/img/prd/o/76652/-3.jpg; https://www.b2bmarkt.gr/img/prd/o/76652/-4.jpg; https://www.b2bmarkt.gr/img/prd/o/76652/-5.jpg; https://www.b2bmarkt.gr/img/prd/o/76652/-6.jpg; https://www.b2bmarkt.gr/img/prd/o/76652/-7.jpg; https://www.b2bmarkt.gr/img/prd/o/76652/-8.jpg; https://www.b2bmarkt.gr/img/prd/o/76652/-9.jpg,1700,0,7,5208067216869,L:1.73 W:0.98 H:0.56 Weight:77kg Vol:0.94m3
0603276,ΚΑΝΑΠΕΣ ΑΡΙΣΤΕΡΗ ΓΩΝΙΑ 5Θ ΜΕ RECLINE COMMODUS SM3315.01L ΓΚΡΙ ΥΦΑΣΜΑ 275x231x77Yεκ,Диван лява ъглова 5-местен с релакс COMMODUS SM3315.01L сив плат 275x2,"Ο COMMODUS είναι ένας premium καναπές εσωτερικού χώρου από την SYMETRON, που σχεδιάστηκε για να προσφέρει κορυφαία άνεση και σύγχρονη λειτουργικότητα. Η 5-θέσια διάταξη σε ΑΡΙΣΤΕΡΗ γωνία με μεγάλες διαστάσεις δημιουργεί έναν επιβλητικό χώρο χαλάρωσης, ιδανικό για σύγχρονα σαλόνια που δίνουν έμφαση τόσο στο design όσο και στην άνεση.<br />
<br />
Ο καναπές είναι επενδυμένος με ποιοτικό ανάγλυφο ύφασμα σε ΓΚΡΙ απόχρωση που χαρίζει κομψότητα και διαχρονικό χαρακτήρα, ενώ η υφή του προσθέτει βάθος και πολυτελή αίσθηση στον χώρο.<br />
Τα καθίσματα είναι αναπαυτικά και δίνουν μια αίσθηση άνεσης που διατηρείται αναλλοίωτη ακόμη και μετά από έντονη καθημερινή χρήση.<br />
Τα glossy μεταλλικά πόδια αναδεικνύουν τον σύγχρονο χαρακτήρα του καναπέ, ενώ το φαρδύ μπράτσο στη μία πλευρά προσθέτει επιπλέον άνεση και λειτουργικότητα. Παράλληλα, τα προσκέφαλα και στις πέντε θέσεις διαθέτουν ρυθμιζόμενη ανάκλιση με εύχρηστο χειροκίνητο μηχανισμό, επιτρέποντας την προσαρμογή της στήριξης σύμφωνα με τις ανάγκες κάθε χρήστη.<br />
Η θέση που βρίσκεται δίπλα στο μπράτσο διαθέτει ηλεκτρική ανάκλιση που ενεργοποιείται εύκολα μέσω διακοπτών στην εξωτερική πλευρά του μπράτσου, μετατρέποντας το κάθισμα σε μια πραγματική ζώνη χαλάρωσης.<br />
Στο ίδιο σημείο βρίσκεται και μια θύρα φόρτισης USB, μία κλασική και μία Type-C, επιτρέποντας τη φόρτιση κινητών και συσκευών χωρίς να χρειάζεται να απομακρυνθείτε από την άνεση του καναπέ.<br />
<br />
*Ο COMMODUS αποτελεί την ιδανική επιλογή για όσους αναζητούν έναν γωνιακό καναπέ υψηλής αισθητικής που συνδυάζει πολυτέλεια, εργονομία και τεχνολογία σε ένα εντυπωσιακό σύνολο που μεταμορφώνει το σαλόνι σε έναν πραγματικό χώρο χαλάρωσης. Ιδανικός για μοντέρνα καθιστικά, luxury living rooms και contemporary interior design ιδέες.*<br />
----------------------------------------------<br />
*Το προϊόν παραδίδεται ασυναρμολόγητο σε εργοστασιακές συσκευασίες.<br />
** Η χρωματική απόδοση του προϊόντος ενδέχεται να διαφέρει ελαφρώς σε σχέση με την φωτογραφική απεικόνισή του στην οθόνη σας.<br />
----------------------------------------------<br />
ΔΙΑΣΤΑΣΕΙΣ:<br />
275x231(η γωνία)x77Yεκ<br />
----------------------------------------------<br />
ΥΛΙΚΑ ΚΑΤΑΣΚΕΥΗΣ:<br />
-Μεταλλικά πόδια<br />
<br />
-Ανάγλυφο ύφασμα<br />
------------------------------------------<br />
ΣΥΝΤΗΡΗΣΗ: <br />
Πέρα από τακτικό ξεσκόνισμα, μπορείτε να χρησιμοποιείτε ένα υγρό πανί. Μην χρησιμοποιείτε χημικά καθαριστικά.<br />
------------------------------------------<br />
ΠΛΕΟΝΕΚΤΗΜΑΤΑ:<br />
• Μέγεθος <br />
• Ρυθμιζόμενα προσκέφαλα και στις 5 θέσεις με εύχρηστο χειροκίνητο μηχανισμό<br />
• Ηλεκτρική ανάκλιση σε μία θέση για απόλυτη άνεση και χαλάρωση με ενσωματωμένους διακόπτες ελέγχου στην εξωτερική πλευρά του μπράτσου για εύκολη χρήση<br />
• Δύο θύρες φόρτισης USB (κλασική και Type-C) για πρακτικότητα στην καθημερινότητα<br />
• Φαρδύ μπράτσο που ενισχύει την άνεση και την εργονομία.","<p><strong>COMMODUS</strong> е премиум ъглов диван от SYMETRON, проектиран да осигури върховен комфорт и съвременна функционалност. 5-местната конфигурация с ЛЯВА ъглова форма и големи размери създава внушително пространство за релакс, идеално за модерни всекидневни, които акцентират както на дизайна, така и на удобството.</p><br /><p>Диванът е тапициран с качествен релефен плат в СИВ цвят, който придава елегантност и вечен характер, а текстурата му добавя дълбочина и луксозно усещане в помещението.<br />Седалките са удобни и осигуряват усещане за комфорт, което остава непокътнато дори след интензивна ежедневна употреба.<br />Гланцираните метални крака подчертават съвременния облик на дивана, а широкият подлакътник от едната страна добавя допълнително удобство и функционалност. В същото време, облегалките на всички пет места разполагат с регулируемо накланяне чрез лесен за използване ръчен механизъм, позволяващ адаптиране на опората според нуждите на всеки потребител.<br />Позицията до подлакътника има електрическо накланяне, което се активира лесно чрез бутони от външната страна на подлакътника, превръщайки седалката в истинска зона за релакс.<br />На същото място има и USB портове за зареждане – един класически и един Type-C, позволяващи зареждане на мобилни устройства без да се налага да напускате комфорта на дивана.</p><br /><p><strong>*COMMODUS</strong> е идеалният избор за тези, които търсят ъглов диван с висока естетика, съчетаващ лукс, ергономия и технологии в впечатляващо цяло, което превръща всекидневната в истинско място за отдих. Подходящ за модерни дневни, луксозни холове и съвременни интериорни решения.*</p><br /><hr /><p><strong>Продуктът се доставя разглобен в заводски опаковки.</strong><br /><strong>Цветовото представяне на продукта може леко да се различава от фотографското изображение на вашия екран.</strong></p><br /><hr /><p><strong>РАЗМЕРИ:</strong><br />275x231(ъгъл)x77В см</p><br /><hr /><p><strong>МАТЕРИАЛИ:</strong><br />- Метални крака<br /><br />- Релефен плат</p><br /><hr /><p><strong>ПОДДРЪЖКА:</strong><br />Освен редовно почистване с прахосмукачка, може да използвате влажна кърпа. Не използвайте химически почистващи препарати.</p><br /><hr /><p><strong>ПРЕДИМСТВА:</strong></p><ul><li><strong>Размер:</strong> голям</li><li><strong>Регулируеми облегалки:</strong> на всички 5 места с лесен ръчен механизъм</li><li><strong>Електрическо накланяне:</strong> на една позиция за максимален комфорт и релакс с вградени бутони за управление от външната страна на подлакътника за лесна употреба</li><li><strong>USB портове:</strong> два порта за зареждане (класически и Type-C) за удобство в ежедневието</li><li><strong>Широк подлакътник:</strong> увеличава комфорта и ергономията</li></ul>",Ляв ъглов диван 5 места с релакс COMMODUS SM3315.01L сив плат 275x231x,"КАНАПЕ ЛЯВ ЪГЪЛ 5-МЕСТЕН С RECLINE COMMODUS SM33 - COMMODUS е премиум канапе за вътрешна употреба от SYMETRON, проектирано да предложи комфорт и стил.",[L] Εσωτερικός χώρος > [L] Σαλόνια - γωνίες,Ъглови дивани,https://www.b2bmarkt.gr/img/prd/o/76653/.jpg; https://www.b2bmarkt.gr/img/prd/o/76653/-1.jpg; https://www.b2bmarkt.gr/img/prd/o/76653/-2.jpg; https://www.b2bmarkt.gr/img/prd/o/76653/-3.jpg; https://www.b2bmarkt.gr/img/prd/o/76653/-4.jpg; https://www.b2bmarkt.gr/img/prd/o/76653/-5.jpg; https://www.b2bmarkt.gr/img/prd/o/76653/-6.jpg; https://www.b2bmarkt.gr/img/prd/o/76653/-7.jpg; https://www.b2bmarkt.gr/img/prd/o/76653/-8.jpg,1700,0,7,5208067216838,L:1.73 W:0.98 H:0.56 Weight:77kg Vol:0.94m3
