URL,Last crawled
https://mebelcenter.bg/product/boufes-gora-megapap-cvyat-sapfir-dab-koprineno-cherno-110x40x82ec,2026-05-19
https://mebelcenter.bg/product/raboten-ofis-inna-megapap-cvyat-cheren-mramor-efekti-110x60x75cm,2026-05-19
https://mebelcenter.bg/product/recepciya-rezio,2026-05-19
https://mebelcenter.bg/product/armchair-ragna-hm8636-grey-and-gold-velvet-gold-legs-75x72x77cm,2026-05-19
https://mebelcenter.bg/product/nastolna-lampa-nastolna-lampa-e27-metal-plat-cheren-25x25x45cm,2026-05-19
https://mebelcenter.bg/product/dining-chair-hm805225-vanessa-cappuccino-with-metallic-legs-425x44x81h-cm,2026-05-19
https://mebelcenter.bg/product/kafyav-ratan-stol-armchair-circe-s-ekryu-vazglavnici-100x74x1125hcm,2026-05-19
https://mebelcenter.bg/product/trapezen-komplekt-5-chasti-masa-minimal-120x80-9998163,2026-05-19
https://mebelcenter.bg/product/ofis-konteyner-carmen-cr-1813-k-siv,2026-05-19
https://mebelcenter.bg/product/masa-za-kafe-abdera-megapap-cvyat-oreh-110x60x42cm,2026-05-19
https://mebelcenter.bg/product/kreslo-na-rejisyora-limnos-oreh-s-oranjeva-tekstilna-liniya,2026-05-19
https://mebelcenter.bg/product/siv-kvadraten-vanshen-masichka-figo-s-staklen-top-70x70x72hcm,2026-05-19
https://mebelcenter.bg/product/pokrivna-lampa-alberto-e27-akril-monoluminescenten-cvyat-cheren-10x10x60cm,2026-05-19
https://mebelcenter.bg/product/trapezen-komplekt-7-chasti-s-raztegatelna-masa-oreh-i-stolove-9998296,2026-05-19
https://mebelcenter.bg/product/masa-andora-megapap-cvyat-cheren-140x80x75cm,2026-05-19
https://mebelcenter.bg/product/kreslo-s-vartyasht-mehanizam-nordic-zelen-damaska-bukle-copy,2026-05-19
https://mebelcenter.bg/product/masa-za-kafe-byal-cvyat-hola-megapap-vaglerod-60x60x32cm,2026-05-19
https://mebelcenter.bg/product/bar-stol-polipropilen-snod-v-olivkovo-zeleno-372x50x1015hcm,2026-05-19
https://mebelcenter.bg/category/trapezni-stolove?visochina=89-sm-2,2026-05-19
https://mebelcenter.bg/product/oppa-megapap-biblioteka-vagleroden-cvyat-byal-60x22x162cm,2026-05-19
https://mebelcenter.bg/article/kak-da-izberem-perfektniya-divan-za-hola-saveti-ot-ekspertite,2026-05-19
https://mebelcenter.bg/product/ofis-stol-gaming-alonso-megapap-izraboten-ot-izkustvena-koja-cheren-67x70x1251135-cm,2026-05-19
https://mebelcenter.bg/product/set-dining-table-5-pieces-hm1035002-table-120x70x765-cm-chairs-vegas,2026-05-19
https://mebelcenter.bg/product/ergonomichen-stol-carmen-7542-w-cheren,2026-05-19
https://mebelcenter.bg/category/pomoshtni-masi?cvyat=kapuchino,2026-05-19
https://mebelcenter.bg/product/kabinet-rio-megapap-s-vaglerodna-klyuchalka-72x34x109cm,2026-05-19
https://mebelcenter.bg/product/mebeli-za-televizori-djarvis-megapap-cvyat-byal-180x313x58cm,2026-05-19
https://mebelcenter.bg/product/trapezen-stol-totnes-1-jalt-sf-1,2026-05-19
https://mebelcenter.bg/product/dining-chair-hm805208-vanessa-green-with-metallic-legs-425x47x815cm,2026-05-19
https://mebelcenter.bg/category/tv-shkafove?price_range=from_110.00-to_665.00,2026-05-19
https://mebelcenter.bg/product/sgavaema-ketaring-masa-okene-chervena,2026-05-19
https://mebelcenter.bg/product/trapezen-stol-taro-cheren-metal-siv-plat-0610579,2026-05-19
https://mebelcenter.bg/product/komplekt-za-otkrita-gradina-stasiya-4chasti-hm608902-sintetichen-ratan-v-sivo-vazglavnici-v-bejovo,2026-05-19
https://mebelcenter.bg/category/detski-garderobi?vendors=genomaks,2026-05-19
https://mebelcenter.bg/product/orion-megapap-tv-kompoziciya-cvyat-oreh-180x35x47ec,2026-05-19
https://mebelcenter.bg/category/tapicirani-stolove?page=15,2026-05-19
https://mebelcenter.bg/category/ofis-stolove?page=24,2026-05-19
https://mebelcenter.bg/product/metalen-gradinski-stol-aba-tamnozelen,2026-05-19
https://mebelcenter.bg/category/bar-stolove?dalbochina=38-sm-913932,2026-05-19
https://mebelcenter.bg/product/komplekt-3-chasti-s-masa-figo-i-stolove-laura-v-siv-cvyat,2026-05-19
https://mebelcenter.bg/category/trapezariya?page=34,2026-05-19
https://mebelcenter.bg/product/leglo-capri-s-2-chekmedjeta-za-udobno-sahranenie,2026-05-19
https://mebelcenter.bg/selection/uchenicheska-staya-s-mebelcenter?page=2,2026-05-19
https://mebelcenter.bg/products/mc-68875,2026-05-19
https://mebelcenter.bg/product/garderob-aglov-alex,2026-05-19
https://mebelcenter.bg/product/mini-masa-roma-megapap-izrabotena-ot-melaminov-cvyat-cheren-mramor-efekt-335x335x46ec,2026-05-19
https://mebelcenter.bg/product/tapicirano-leglo-milo-90200smvkl-podmatrachna-ramka-damaska-velvet-rozovo,2026-05-19
https://mebelcenter.bg/product/bar-stol-ot-aluminiy-s-pe-vaje-v-bejovo-455x56x111-sm,2026-05-19
https://mebelcenter.bg/product/pokrivna-lampa-globe-e27-metal-ednosvetlen-cvyat-cheren-o25x75cm,2026-05-19
https://mebelcenter.bg/product/bar-stol-s-vazglavnica-i-metalna-ramka-v-bejovo,2026-05-19
https://mebelcenter.bg/product/kafe-masa-komplekt-3-br-romski-megapap-cvyat-cheren-mramor-efekt-f60x46ec,2026-05-19
https://mebelcenter.bg/category/trapezariya?page=60,2026-05-19
https://mebelcenter.bg/product/noshtno-shkafche-lube-megapap-cvyat-byal-40x282x40cm,2026-05-19
https://mebelcenter.bg/product/samuray-megapap-ofis-stol-ergonomichna-s-ts-mash-plat-i-izkustven-cvyat-koja-cheren-69x70x125177cm,2026-05-19
https://mebelcenter.bg/product/pouf-tanea-mauro-me-uv-protection-gia-anesi-190x80x60y-ek,2026-05-19
https://mebelcenter.bg/category/ofis-stolove-1?visochina-sedalka-ot-zemyata=45-57-sm&page=7,2026-05-19
https://mebelcenter.bg/category/tapicirani-stolove?page=3,2026-05-19
https://mebelcenter.bg/product/ofis-stol-megapap-ergonomichen-s-dvoyna-materiya-mesh-i-izkustven-kojen-cvyat-cheren-66x70x118131cm,2026-05-19
https://mebelcenter.bg/product/armchair-velvet-cypress-green-with-metallic-black-leg-hm872103-67x80x102-cm,2026-05-19
https://mebelcenter.bg/product/ogledalo-za-banya-cvyat-trama-megapap-byal-60x168x65cm,2026-05-19
https://mebelcenter.bg/product/bar-stol-allegra-s-metalna-ramka-i-vazglavnica,2026-05-19
https://mebelcenter.bg/product/leglo-kingston-megapap-kadife-cvyat-siv-150x200cm,2026-05-19
https://mebelcenter.bg/product/kutiya-za-obuvki-shkaf-soho-megapap-izrabotena-ot-melaminov-cvyat-sonoma-50x38x135cm-5,2026-05-19
https://mebelcenter.bg/product/ogledalo-za-banya-dito-megapap-cvyat-byal-596x164x648cm,2026-05-19
https://mebelcenter.bg/product/gravitaciya-na-konzolata-megapap-cvyat-cheren-mramor-efekti-zlato-90x296x768cm,2026-05-19
https://mebelcenter.bg/product/leglo-s-chekmedje-melany-v-byalo-za-spestyavane-na-prostranstvo,2026-05-19
https://mebelcenter.bg/product/bar-stol-s-moderen-dizayn-i-lesna-poddrajka,2026-05-19
https://mebelcenter.bg/vendor/carmen?page=42,2026-05-19
https://mebelcenter.bg/product/posetitelski-stol-prizma-cheren,2026-05-19
https://mebelcenter.bg/product/mini-masa-tekosi-megapap-metal-mdf-cheren-cvyat-oreh-35x35x58cm,2026-05-19
https://mebelcenter.bg/product/drehi-garderob-viktoriya-megapap-ednolistna-s-tavanski-cvyat-byal-50x60x240cm,2026-05-19
https://mebelcenter.bg/product/kragla-masa-za-kafe-na-otkrito-sanji-ot-akaciya-f66x485hcm,2026-05-19
https://mebelcenter.bg/product/svrazka-za-posetitelski-stolove,2026-05-19
https://mebelcenter.bg/product/drehite-na-viktoriya-megapap-sa-chetirilistni-s-chekmedjeta-s-byal-cvyat-200x60x181cm-2,2026-05-19
https://mebelcenter.bg/category/bar-stolove?shirina-1=50-sm-044031,2026-05-19
https://mebelcenter.bg/product/troley-raft-4-istoriya-perila-metalen-cvyat-srebro-43x33x80cm,2026-05-19
https://mebelcenter.bg/vendor/mp?page=25,2026-05-19
https://mebelcenter.bg/product/stenno-ogledalo-sevilla-megapap-cvyat-pyasachnik-travertin,2026-05-19
https://mebelcenter.bg/product/trapezen-stol-vika-damaska-s-emtalni-kraka-svetlo-sivo-s-cherno,2026-05-19
https://mebelcenter.bg/product/kvadratna-bar-masa-figgy-s-temperirano-staklo-60x60x100hcm,2026-05-19
https://mebelcenter.bg/product/televizionni-mebeli-dionysos-megapap-cvyat-siv-retro-170x45x486cm,2026-05-19
https://mebelcenter.bg/product/stenno-ogledalo-denza-megapap-cvyat-byal-50x70x22cm,2026-05-19
https://mebelcenter.bg/category/mebeli?page=213,2026-05-19
https://mebelcenter.bg/product/aluminiev-stol-charcoal-grey-s-pletena-obvivka-56x66x82,2026-05-19
https://mebelcenter.bg/product/komplekt-za-dnevna-2br-melamin-v-oreh-byalo-9996499,2026-05-19
https://mebelcenter.bg/product/aluminievi-peyki-tavni-s-estestvena-darvesina-220x36x445hcm,2026-05-19
https://mebelcenter.bg/category/drugi-mebeli?page=5,2026-05-19
https://mebelcenter.bg/category/trapezni-masi?visochina-11=75-sm-994874,2026-05-19
https://mebelcenter.bg/product/chair-with-dusty-pink-velvet-black-metal-frame-hm872502-50x57x82y-cm,2026-05-19
https://mebelcenter.bg/vendor/evromar?page=20,2026-05-19
https://mebelcenter.bg/product/tapicirano-leglo-maylin-120200-sm-vkl-podmatrachna-ramka-meka-teksturirana-damaska-sivo,2026-05-19
https://mebelcenter.bg/product/ogledalo-koen-ii-bor-kanyon,2026-05-19
https://mebelcenter.bg/product/trapezen-stol-como-tamnosiv,2026-05-19
https://mebelcenter.bg/product/masa-za-kafe-mansu-megapap-cvyat-byal-80x50x27cm,2026-05-19
https://mebelcenter.bg/product/nastolna-lampa-sadove-hassard-plat-mdf-cvyat-bejov-cheren-15x16x22cm,2026-05-19
https://mebelcenter.bg/product/melamin-console-napoli-megapap-cvyat-oreh-90x29x88ec,2026-05-19
https://mebelcenter.bg/product/ergonomichen-stol-mana-cheren,2026-05-19
https://mebelcenter.bg/product/profesionalen-aluminiev-chadar-3x3x280m-s-kremavo-pokritie,2026-05-19
https://mebelcenter.bg/product/trapezen-stol-neli-tikovo-darvo-estestveno-viro-vaje-0612733,2026-05-19
https://mebelcenter.bg/category/trapezni-masi?shirochina-4=80-sm-923471,2026-05-19
https://mebelcenter.bg/product/ofis-stol-upravlenie-gustavo-megapap-ot-izkustvena-koja-cheren-69x65x116126cm,2026-05-19
https://mebelcenter.bg/product/trapezen-stol-lia-ramka-ot-shperplat-dab-siva-takan,2026-05-19
https://mebelcenter.bg/product/biblioteka-elizian-megapap-cvyat-cheren-90x335x180cm,2026-05-19
https://mebelcenter.bg/product/biblioteka-piri-megapap-cvyat-byal-antika-vaglerod-35x30x161cm,2026-05-19
https://mebelcenter.bg/vendor/mp?page=125,2026-05-19
https://mebelcenter.bg/product/bar-za-masa-deep-megapap-cvyat-oreh-120x50x100cm,2026-05-19
https://mebelcenter.bg/product/trimestno-kanape-bergen-shampansko-sj,2026-05-19
https://mebelcenter.bg/product/pokrivna-lampa-esela-ii-e27-darven-trisvetesht-cvyat-estestven-oreh-45x40x80cm,2026-05-19
https://mebelcenter.bg/product/pokrivna-lampa-lucifer-e27-plat-monoluminescenten-cvyat-sin-karbon-30x15x70cm,2026-05-19
https://mebelcenter.bg/products/mc-76065,2026-05-19
https://mebelcenter.bg/category/trapezni-masi?shirochina-4=70-sm-365742,2026-05-19
https://mebelcenter.bg/product/chekmedje-buffets-sabina-megapap-vagleroden-cvyat-160x50x96cm,2026-05-19
https://mebelcenter.bg/category/trapezni-masi?daljina-5=140-180-sm,2026-05-19
https://mebelcenter.bg/product/konzola-amedeo-megapap-metalen-melaminov-cvyat-oreh-120x36x90cm,2026-05-19
https://mebelcenter.bg/product/masa-dopalnitelna-lazena-megapap-cvyat-estestven-buk-60x22x57cm,2026-05-19
https://mebelcenter.bg/product/prezidentski-ofis-stol-carmen-7546-oranjev-siv,2026-05-19
https://mebelcenter.bg/category/drugi-mebeli?page=4,2026-05-19
https://mebelcenter.bg/product/aluminieva-masa-s-polivud-ustoychiva-na-vsyakakvo-vreme-120x80x72,2026-05-19
https://mebelcenter.bg/product/divan-s-2-sedalki-ot-aluminiy-v-byalo-s-vazglavnici,2026-05-19
https://mebelcenter.bg/vendor/mc?page=80,2026-05-19
https://mebelcenter.bg/product/nabor-za-otkrito-v-gradina-4chasti-dover-hm9624-ot-reciklirano-tekovo-darvo-beli-vazglavnici,2026-05-19
https://mebelcenter.bg/vendor/carmen?&page=63,2026-05-19
https://mebelcenter.bg/category/modulni-sistemi?page=3,2026-05-19
https://mebelcenter.bg/product/masata-za-hranene-bruno-s-metalna-konstrukciya-i-staklo,2026-05-19
https://mebelcenter.bg/product/dining-chair-adalyn-in-black-pu-and-grey-velvet-hm872901-51x58x82-cm,2026-05-19
https://mebelcenter.bg/product/trapezen-stol-keila-siv,2026-05-19
https://mebelcenter.bg/product/dopalnitelna-tablica-silvanus-megapap-cvyat-sapfiren-dab-51x175x49cm,2026-05-19
https://mebelcenter.bg/product/byuro-nepo-dab-sonoma,2026-05-19
https://mebelcenter.bg/product/posetitelski-stol-carmen-1135-1-lux-cheren-n,2026-05-19
https://mebelcenter.bg/product/biblioteka-oppa-megapap-cvyat-estestven-buk-vaglerod-60x22x162cm,2026-05-19
https://mebelcenter.bg/category/modulni-sistemi?page=6,2026-05-19
https://mebelcenter.bg/product/dvumestno-kanape-bergen-shampansko-sj,2026-05-19
https://mebelcenter.bg/product/pokrivna-lampa-silia-e27-metal-ednosvetlen-cvyat-cheren-27x27x65cm,2026-05-19
https://mebelcenter.bg/product/prezidentski-ofis-stol-carmen-7546-tamnozelen-siv,2026-05-19
https://mebelcenter.bg/product/holna-masa-nepo-law-115-byalo,2026-05-19
https://mebelcenter.bg/product/stranichen-sennik-za-kiaosknaves-cressen-byal-3x45m,2026-05-19
https://mebelcenter.bg/products/mc-68071,2026-05-19
https://mebelcenter.bg/product/siv-bar-stol-polipropilen-s-praktichna-stoyka-372x50x1015hcm,2026-05-19
https://mebelcenter.bg/product/raboten-ofis-stol-lab-lux-siv-sil,2026-05-19
https://mebelcenter.bg/category/gradinski-masi?kind=tables,2026-05-19
https://mebelcenter.bg/product/chair-wooden-solid-hm007001-walnut-color-with-beige-fabric,2026-05-19
https://mebelcenter.bg/product/mini-masa-labirent-megapap-cvyat-estestven-buk-54x40x45cm,2026-05-19
https://mebelcenter.bg/product/mini-masa-homemania-megapap-cvyat-cheren-60x20x60cm,2026-05-19
https://mebelcenter.bg/vendor/carmen?page=70,2026-05-19
https://mebelcenter.bg/product/lego-megapap-obuvka-boya-borov-dab-90x32x143cm,2026-05-19
https://mebelcenter.bg/product/kreslo-aurora-bejov-wa,2026-05-19
https://mebelcenter.bg/product/velvet-armchair-dusty-pink-hm848902-58x63x84y-cm,2026-05-19
https://mebelcenter.bg/category/trapezariya?page=39,2026-05-19
https://mebelcenter.bg/product/stenno-ogledalo-cvyat-vista-megapap-byal-90x50x22cm,2026-05-19
https://mebelcenter.bg/product/komplekt-za-otkrito-hranene-5ch-s-metalna-masichka-i-stolove,2026-05-19
https://mebelcenter.bg/vendor/mp?page=116,2026-05-19
https://mebelcenter.bg/selection/dosto-leva?page=27,2026-05-19
https://mebelcenter.bg/product/byal-metalen-stol-tetis-za-komfort-na-otkrito,2026-05-19
https://mebelcenter.bg/category/mebeli?page=229,2026-05-19
https://mebelcenter.bg/product/easychairbed-constance-hm307815-turquoise-colored-velvet-95x92x66hcm,2026-05-19
https://mebelcenter.bg/product/mini-masi-roma-megapap-izraboten-ot-byal-melamin-kapuchino-dab,2026-05-19
https://mebelcenter.bg/product/pokrivna-lampa-lucifer-e27-plat-ednosvetlen-cvyat-bejov-30x15x70cm,2026-05-19
https://mebelcenter.bg/product/raboten-ofis-stol-carmen-7060-m-cheren,2026-05-19
https://mebelcenter.bg/product/trapezen-stol-beni-cheren-shperplat-ekryu-plat-moderen-0610588,2026-05-19
https://mebelcenter.bg/product/stol-za-hranene-hariet-s-aluminieva-ramka-i-komfort,2026-05-19
https://mebelcenter.bg/product/vhodni-mebeli-mila-megapap-s-cvyat-na-zakachalkata-120x37x1716cm,2026-05-19
https://mebelcenter.bg/product/drehi-ricardo-megapap-shestlistni-s-chekmedjeta-cvyat-byal-240x518x181cm,2026-05-19
https://mebelcenter.bg/category/ofis-stolove?page=32,2026-05-19
https://mebelcenter.bg/product/metalen-shkaf-carmen-cr-1234-e-sand-siv,2026-05-19
https://mebelcenter.bg/product/bar-masa-stoyka-crego-megapap-metal-melamin-cvyat-bor-dab-cheren-100x45x89ec,2026-05-19
https://mebelcenter.bg/product/daliya-megapap-obuvka-9-chifta-metal-melamin-cheren-cvyat-borov-dab-65x30x67cm,2026-05-19
https://mebelcenter.bg/category/osvetlenie?page=15,2026-05-19
https://mebelcenter.bg/product/tablica-helmut-megapap-extendable-natural-beech-color-160200x90x76cm,2026-05-19
https://mebelcenter.bg/vendor/mc?&page=34,2026-05-19
https://mebelcenter.bg/product/komplekt-za-hranene-3-chasti-aluminievi-masa-80x80-i-stolove,2026-05-19
https://mebelcenter.bg/product/trapezen-stol-iva-sin-metal-0605442,2026-05-19
https://mebelcenter.bg/product/metalen-stol-amore-black-s-udobstvo-i-stil-42x48x90-sm,2026-05-19
https://mebelcenter.bg/product/detski-stol-carmen-6017-2-svetlooranjev,2026-05-19
https://mebelcenter.bg/product/chair-felipe-hm938402-solid-teak-black-pu-65x78x68hcm,2026-05-19
https://mebelcenter.bg/product/vanshna-kafe-masa-allegra-s-metalna-osnova-i-ratan,2026-05-19
https://mebelcenter.bg/products/mc-55754,2026-05-19
https://mebelcenter.bg/product/pokrivna-lampa-tavan-lampa-plat-edinichna-svetlina-cvyat-siv-30x20x55cm,2026-05-19
https://mebelcenter.bg/product/peralni-mebeli-doyl-megapap-boya-borov-dab-67x60x928cm,2026-05-19
https://mebelcenter.bg/product/leglo-s-hranilishte-i-plyushen-rozov-tekstil,2026-05-19
https://mebelcenter.bg/product/tablici-za-kafe-deyvis-megapap-2-br-cvyat-estestven-buk-ciment-siv-70x69x46ec,2026-05-19
https://mebelcenter.bg/product/pokrivna-lampa-podova-lampa-i-mdf-pvc-plat-cvyat-oreh-cheren-50x30x140cm,2026-05-19
https://mebelcenter.bg/product/holna-masa-rosa,2026-05-19
https://mebelcenter.bg/product/leglo-alexia-megapap-plat-cvyat-kafyav-160x200cm,2026-05-19
https://mebelcenter.bg/product/aluminiev-fotyoyl-karek-v-jalt-cvyat-za-stil-i-komfort,2026-05-19
https://mebelcenter.bg/product/kardeks-carmen-cr-1231-k-siv,2026-05-19
https://mebelcenter.bg/products/mc-71239,2026-05-19
https://mebelcenter.bg/product/sgavaem-vanshen-stol-mag-s-komforten-dizayn,2026-05-19
https://mebelcenter.bg/product/ombrela-d300x250m-aluminieva-v-bejov-cvyat-s-panel,2026-05-19
https://mebelcenter.bg/product/dvuetazhno-detsko-leglo-lantay-ot-masivna-borova-darvesina-v-siv-tsvyat-190x90-sm,2026-05-19
https://mebelcenter.bg/product/kragla-aluminieva-masa-frodo-s-metalen-cvyat-f595x695hcm,2026-05-19
https://mebelcenter.bg/category/trapezni-stolove?page=36,2026-05-19
https://mebelcenter.bg/product/metalen-stol-allegra-s-ratan-v-bejov-cvyat-49x50x76-cm,2026-05-19
https://mebelcenter.bg/product/stol-eulo-ot-aluminiy-s-cheren-sintetichen-ratan,2026-05-19
https://mebelcenter.bg/product/obuvna-kutiya-daliya-megapap-6-chifta-metal-melaminov-cvyat-cheren-borov-dab-65x30x45cm,2026-05-19
https://mebelcenter.bg/product/holna-masa-rt-e-199-606055-sm-mdf-furnir-oreh-s-cherno,2026-05-19
https://mebelcenter.bg/product/noshtno-shkafche-sirius-megapap-lyav-cvyat-estestven-buk-32x30x61ec,2026-05-19
https://mebelcenter.bg/product/metalna-gradinska-masa-niger-d-60-cherna,2026-05-19
https://mebelcenter.bg/product/noshtna-stena-norfolk-megapap-cvyat-estestven-buk-33x25x44cm,2026-05-19
https://mebelcenter.bg/product/trapezen-stol-kendal-zlato-bf-2,2026-05-19
https://mebelcenter.bg/products/mc-67440,2026-05-19
https://mebelcenter.bg/vendor/mp?page=38,2026-05-19
https://mebelcenter.bg/product/pokrivna-lampa-vadi-e27-izrabotena-ot-vaje-s-ednocvetna-svetlina-naturalen-30x30x75cm,2026-05-19
https://mebelcenter.bg/product/tapicirano-leglo-dolores-160200-sm-vkl-podmatrachna-ramka-i-mehanizam-za-povdigane-teksturirana-damaska-sinyo,2026-05-19
https://mebelcenter.bg/product/kalaf-shkaf-poli-megapap-cvyat-byal-108x35x108cm,2026-05-19
https://mebelcenter.bg/product/komplekt-za-hranene-s-3-chasti-stilna-masa-i-stolove,2026-05-19
https://mebelcenter.bg/product/armchair-timmy-hm913602-dusty-pink-70x80x98-cm,2026-05-19
https://mebelcenter.bg/vendor/gorenje,2026-05-19
https://mebelcenter.bg/product/tapicirano-leglo-martina-160200-sm-vkl-podmatrachna-ramka-i-mehanizam-za-povdigane-damaska-velvet-rozovo,2026-05-19
https://mebelcenter.bg/product/stenen-zakachalka-liora-megapap-cvyat-sapfir-dab-63x14x14ec,2026-05-19
https://mebelcenter.bg/product/pokrivna-lampa-rago-e27-metal-trisvetlinna-cherna-50x40x80cm,2026-05-19
https://mebelcenter.bg/product/masata-metalik-siv-70x70-s-bezopasno-staklo,2026-05-19
https://mebelcenter.bg/product/metalen-fotyoyl-zeta-v-cheren-mat-za-uyut-i-stil,2026-05-19
https://mebelcenter.bg/product/nastolna-lampa-nastolna-lampa-e14-metalna-staklen-cvyat-gorchica-byala-o13x28cm,2026-05-19
https://mebelcenter.bg/product/tablica-fiona-megapap-izrabotena-ot-melaminov-cvyat-oak-90x55x75cm,2026-05-19
https://mebelcenter.bg/category/holni-masi?visochina-masa=45-sm-709930&price_range=from_70-to_1350,2026-05-19
https://mebelcenter.bg/product/rabotno-byuro-kolmar-megapap-cvyat-byal-140x60x75cm,2026-05-19
https://mebelcenter.bg/selection/april-promo?page=2,2026-05-19
https://mebelcenter.bg/category/dnevna?page=51,2026-05-19
https://mebelcenter.bg/product/aluminieva-rektangularna-masichka-tavni-s-eko-dab-2195x895x73h-cm,2026-05-19
https://mebelcenter.bg/product/melani-megapap-stol-s-dvoyna-materiya-siv-cvyat-na-mishata-cheren-665x70x102112cm,2026-05-19
https://mebelcenter.bg/product/hm854901-armchair-joyce-velvet-greymetallic-legs-80x76x75,2026-05-19
https://mebelcenter.bg/product/magazin-mario-megapap-cvyat-maslo-40x40x40cm,2026-05-19
https://mebelcenter.bg/products/mc-72724,2026-05-19
https://mebelcenter.bg/product/relaks-kreslo-russel-tikovo-darvo,2026-05-19
https://mebelcenter.bg/product/noshtno-shkafche-glyn-megapap-cvyat-estestven-buk-502x446x60cm,2026-05-19
https://mebelcenter.bg/product/kafe-masa-figo-s-cheren-metal-i-staklen-plot-45x45x51hcm,2026-05-19
https://mebelcenter.bg/category/meka-mebel?page=19,2026-05-19
https://mebelcenter.bg/products/mc-60770,2026-05-19
https://mebelcenter.bg/product/trapezarna-masichka-limnos-70x70x75cm-ot-masivno-darvo,2026-05-19
https://mebelcenter.bg/product/masata-hm440-s-osnova-ot-chugun-i-mramor-120x59x72,2026-05-19
https://mebelcenter.bg/category/kresla-i-fotyoyli?page=12,2026-05-19
https://mebelcenter.bg/product/ergonomichen-stol-dole-cheren,2026-05-19
https://mebelcenter.bg/category/trapezni-stolove?page=18,2026-05-19
https://mebelcenter.bg/product/relaks-kreslo-lunar-siv-antracit-bukle-plat,2026-05-19
https://mebelcenter.bg/products/mc-67695,2026-05-19
https://mebelcenter.bg/vendor/halmar?page=22,2026-05-19
https://mebelcenter.bg/product/melamin-biblioteka-flora-megapap-cvyat-industrialno-sivo-oak-52x25x80cm,2026-05-19
https://mebelcenter.bg/product/kvadratna-vanshna-masichka-figo-s-metalno-stakleno-topche-70h70h72hcm,2026-05-19
https://mebelcenter.bg/product/showcase-zulla-megapap-cvyat-byal-110x37x43cm,2026-05-19
https://mebelcenter.bg/product/noshtno-shkafche-ulman-megapap-cvyat-vaglerod-35x37x72cm,2026-05-19
https://mebelcenter.bg/product/stol-konvee-za-otkrito-s-izklyuchitelen-komfort,2026-05-19
https://mebelcenter.bg/products/mc-69446,2026-05-19
https://mebelcenter.bg/category/podovi-svetlini?page=13,2026-05-19
https://mebelcenter.bg/product/desktop-delta-megapap-cvyat-pushen-oreh-1478x140x738cm,2026-05-19
https://mebelcenter.bg/category/antre?page=9,2026-05-19
https://mebelcenter.bg/product/masa-za-kafe-tab-megapap-cvyat-byal-kordoba-105x60x32cm,2026-05-19
https://mebelcenter.bg/product/plajen-chadar-s-bejovi-makrame-flangove-za-stilna-syanka,2026-05-19
https://mebelcenter.bg/category/shkafove-za-obuvki?page=4,2026-05-19
https://mebelcenter.bg/product/televizorni-mebeli-kompakten-megapap-cvyat-vaglerod-otvorena-moka-942x906x314cm,2026-05-19
https://mebelcenter.bg/vendor/halmar?page=7,2026-05-19
https://mebelcenter.bg/product/holna-masa-dolsk-cherna,2026-05-19
https://mebelcenter.bg/category/antre?page=11,2026-05-19
https://mebelcenter.bg/category/mebeli?page=245,2026-05-19
https://mebelcenter.bg/product/kreslo-texas-s-taburetka-sinyo-s-cherno,2026-05-19
https://mebelcenter.bg/category/trapezni-stolove?shirina-1=67-sm-891732,2026-05-19
https://mebelcenter.bg/product/ofis-chekmedje-rio-megapap-v-cvyat-sonoma-41x45x61ec,2026-05-19
https://mebelcenter.bg/product/stenna-lampa-e27-wall-warner-gold-vintage-12x12x20cm,2026-05-19
https://mebelcenter.bg/product/kafe-masa-komplekt-2-br-spline-megapap-cvyat-cheren-sivo-retro-80x40x46ec,2026-05-19
https://mebelcenter.bg/product/kragla-aluminieva-masa-leo-ot-tik-darvo-f60x75hcm,2026-05-19
https://mebelcenter.bg/product/mini-masi-roma-megapap-izraboten-ot-melamin-cvyat-oreh-bejov-cheren-mramor-efekt,2026-05-19
https://mebelcenter.bg/category/darveni-stolove-s-podlakatnici?page=2,2026-05-19
https://mebelcenter.bg/product/noshtno-shkafche-elos-megapap-lyav-cvyat-byala-antika-sivo-retro-25x27x60cm,2026-05-19
https://mebelcenter.bg/product/kuhnenski-mebeli-za-furna-flora-megapap-melamin-cvyat-byal-bor-60x40x134cm,2026-05-19
https://mebelcenter.bg/product/bufeti-frem-megapap-cvyat-pepel-zelen-150x40x81ec,2026-05-19
https://mebelcenter.bg/product/holna-masa-alegria-oreh,2026-05-19
https://mebelcenter.bg/product/tablica-dopalnitelna-darvena-plastmasov-cvyat-bejov-f46x53cm,2026-05-19
https://mebelcenter.bg/product/rabotno-byuro-labirent-megapap-cvyat-estestven-buk-byal-140x60x75cm,2026-05-19
https://mebelcenter.bg/product/komplekt-za-hranene-7-chasti-s-kafe-masa-i-sivi-stolove,2026-05-19
https://mebelcenter.bg/product/darven-slanchev-leglo-makedoniya-zdravo-i-stilno-204x775x29cm,2026-05-19
https://mebelcenter.bg/product/siv-bar-stol-director-limnos-s-impregnaciya-i-tekstilen-akcent,2026-05-19
https://mebelcenter.bg/product/otkrit-stol-redan-s-moderen-dizayn-i-komfort,2026-05-19
https://mebelcenter.bg/product/kvadratna-polipropilenova-masa-terrin-v-kafyav-cvyat,2026-05-19
https://mebelcenter.bg/product/divan-za-otkrito-2-mesten-s-estestveno-darvo-i-ratan,2026-05-19
https://mebelcenter.bg/product/ofis-kreslo-carmen-6407-oreh-cheren,2026-05-19
https://mebelcenter.bg/product/pokrivna-lampa-lusita-e27-metal-tri-svetlina-cvyat-zlato-35x35x90cm,2026-05-19
https://mebelcenter.bg/product/metalen-stelaj-star-213x90x60-sm-do-250-kg-na-raft-cink,2026-05-19
https://mebelcenter.bg/product/komplekt-3-chasti-masa-i-aluminievi-stolove-v-sivo,2026-05-19
https://mebelcenter.bg/product/metalen-masa-lima-siv-60x68sm-za-vanshni-prostranstva,2026-05-19
https://mebelcenter.bg/category/ofis-stolove?page=15,2026-05-19
https://mebelcenter.bg/product/zakachalka-za-steni-keri-megapap-izrabotena-ot-melamin-borov-dab-80x11x18ec,2026-05-19
https://mebelcenter.bg/product/trapezen-stol-solana-sin-velur,2026-05-19
https://mebelcenter.bg/product/drehi-garderob-rikardo-megapap-shestlistni-s-chekmedjeta-cvyat-estestven-buk-240x518x181cm-1,2026-05-19
https://mebelcenter.bg/product/pokrivna-lampa-amos-e27-metal-tri-svetlina-byal-cvyat-zlato-30x30x65cm,2026-05-19
https://mebelcenter.bg/product/kokteylna-bar-masa-salinas-byal,2026-05-19
https://mebelcenter.bg/vendor/mp?page=30,2026-05-19
https://mebelcenter.bg/product/chair-dusty-pink-velvet-hm840402-59x69x81cm,2026-05-19
https://mebelcenter.bg/product/prezidentski-ofis-stol-carmen-7546-cherven-siv,2026-05-19
https://mebelcenter.bg/product/trapezen-stol-laredo-1-y-silikonova-koja-keremida-21,2026-05-19
https://mebelcenter.bg/product/relaks-kreslo-embark-byal-bukle-plat,2026-05-19
https://mebelcenter.bg/category/shkafove-za-obuvki?page=2,2026-05-19
https://mebelcenter.bg/product/kreslo-lara-tikovo-darvo-sintetichno-vaje-estestven-cvyat,2026-05-19
https://mebelcenter.bg/product/mini-masa-homemania-megapap-cvyat-byal-mramor-efekti-60x20x60cm,2026-05-19
https://mebelcenter.bg/product/kvadraten-polipropilenov-stol-zeb-v-kapuchino-35x35x65hcm,2026-05-19
https://mebelcenter.bg/product/raztegatelna-trapezna-masa-konin-siva,2026-05-19
https://mebelcenter.bg/product/obuvki-djak-megapap-cvyat-garderob-estestven-72x325x100cm,2026-05-19
https://mebelcenter.bg/product/drehi-misra-megapap-dvulisten-plazgasht-se-cvyat-byal-94x52x182cm,2026-05-19
https://mebelcenter.bg/product/darven-taburetka-masa-oreh-60x40x45-cm-za-ustoychivost,2026-05-19
https://mebelcenter.bg/product/rabotno-byuro-koncepciya-megapap-izraboten-ot-melamin-v-cvyat-na-vagleroda-90x52x75cm,2026-05-19
https://mebelcenter.bg/product/armchair-massage-yasumu-hm978412-brown-pu-80x93x100hcm,2026-05-19
https://mebelcenter.bg/product/armchair-mando-hm800603-with-brown-nubuck-fabric-60x60x84cm,2026-05-19
https://mebelcenter.bg/category/bar-stolove?cvyat-krakabaza=cheren-233562,2026-05-19
https://mebelcenter.bg/product/holna-masa-pila-2-siva,2026-05-19
https://mebelcenter.bg/product/chekmedje-velika-megapap-cvyat-byal-73x44x96cm,2026-05-19
https://mebelcenter.bg/product/masa-spomagatelni-frenski-megapap-polimorfen-metal-melamin-cvyat-atlantik-pin-76x30x66ec,2026-05-19
https://mebelcenter.bg/product/komplekt-5-chasti-masa-i-plastmasovi-stolove-pleten-ratanov-cvyat,2026-05-19
https://mebelcenter.bg/product/kreslo-eva-polipropilen-s-bejova-vaje-i-komfort,2026-05-19
https://mebelcenter.bg/product/toaletna-s-ogledalo-linda-megapap-cvyat-estestven-buk-100x45x74cm,2026-05-19
https://mebelcenter.bg/product/leglo-s-chekmedje-v-sivo-za-udoben-san,2026-05-19
https://mebelcenter.bg/product/bar-stol-ot-polipropilen-v-sivo-udoben-i-stilen,2026-05-19
https://mebelcenter.bg/product/drehi-ricardo-megapap-ednolisten-cvyat-byal-40x518x181cm,2026-05-19
https://mebelcenter.bg/product/komplekt-5-chasti-masa-metalik-kafyava-150x90-s-4-stola-braun-moka-veshtestvo,2026-05-19
https://mebelcenter.bg/product/autdor-polipropilenova-kvadratna-masichka-kapuchino-80x80x75hcm,2026-05-19
https://mebelcenter.bg/product/bar-stol-s-aluminiy-i-rakohvatki-za-komfort-56x58x105h-cm,2026-05-19
https://mebelcenter.bg/product/televizionni-mebeli-amadeo-megapap-cvyat-vaglerod-estestven-buk-1975x35x46cm,2026-05-19
https://mebelcenter.bg/product/trapezna-masa-telamo-ot-aluminiy-i-polivud-160x90x735hcm,2026-05-19
https://mebelcenter.bg/product/televizionni-mebeli-novara-megapap-cvyat-byal-180x296x45cm,2026-05-19
https://mebelcenter.bg/product/mebeli-za-televizori-glis-megapap-polimorfen-cvyat-sapfiren-dab-byal-145x35x448cm,2026-05-19
https://mebelcenter.bg/product/kalan-megapap-rabotno-byuro-ot-melamin-vagleroden-cvyat-90x60x74cm,2026-05-19
https://mebelcenter.bg/product/zamenyashta-syanka-za-chadar-400x400-sm-cheren-poliester,2026-05-19
https://mebelcenter.bg/product/komplekt-za-hranene-5-chasti-s-aluminieva-masa-i-4-stola,2026-05-19
https://mebelcenter.bg/product/garderob-melamin-obuvka-lilly-megapap-cvyat-byal-49x32x178cm,2026-05-19
https://mebelcenter.bg/product/shampansko-cvetno-kafe-masa-figo-s-temperirano-staklo-45x45x51hcm,2026-05-19
https://mebelcenter.bg/product/leglo-s-hranilishte-i-eleganten-dizayn-v-kafyavo,2026-05-19
https://mebelcenter.bg/product/ogledalo-za-banya-delo-megapap-cvyat-byal-62x175x60cm,2026-05-19
https://mebelcenter.bg/product/bar-stol-ot-polipropilen-s-eleganten-dizayn-385x495x102hcm,2026-05-19
https://mebelcenter.bg/product/masat-metalen-kafyav-70x70-s-bezopasno-staklo,2026-05-19
https://mebelcenter.bg/product/televizionni-mebeli-jasmin-megapap-cvyat-oreh-170x35x50cm,2026-05-19
https://mebelcenter.bg/product/tapicirano-leglo-beka-150200-sm-vkl-podmatrachna-ramka-damaska-velvet-zeleno,2026-05-19
https://mebelcenter.bg/product/drehite-na-viktoriya-megapap-sa-s-dve-lista-s-oreh-100x60x181cm,2026-05-19
https://mebelcenter.bg/product/sgavaem-stol-kendall-ot-tikovo-darvo-v-estestven-cvyat,2026-05-19
https://mebelcenter.bg/vendor/mc?&page=96,2026-05-19
https://mebelcenter.bg/product/leglo-alder-160200-sm-byalo,2026-05-19
https://mebelcenter.bg/product/ofis-rabota-honey-megapap-cvyat-byal-vaglerod-137x60x75cm,2026-05-19
https://mebelcenter.bg/product/pokrivna-lampa-thora-e27-metalna-dvuosvetena-zlatna-podlojka-22x22x70cm,2026-05-19
https://mebelcenter.bg/product/byal-aluminiev-fotyoyl-s-bejovo-pe-vaje-za-komfort,2026-05-19
https://mebelcenter.bg/category/gradinski-mebeli?page=22,2026-05-19
https://mebelcenter.bg/product/ofis-stol-marko-megapap-s-plat-mash-cvyat-siv-cheren-62x59x110120cm,2026-05-19
https://mebelcenter.bg/product/direktorska-masichka-limnos-f60cm-ot-masiven-darven-oreh,2026-05-19
https://mebelcenter.bg/product/bar-stol-hm593902-polipropilen-cheren-bejov-41x53x103hcm,2026-05-19
https://mebelcenter.bg/product/bar-stol-polipropilen-snod-stilen-i-udoben-372x50x1015hcm,2026-05-19
https://mebelcenter.bg/product/kreslo-vera-siv-bukle-cherni-metalni-kraka,2026-05-19
https://mebelcenter.bg/product/eva-megapap-100-vodoustoychiv-cheren-cvyat,2026-05-19
https://mebelcenter.bg/product/televizionna-mebelna-stena-francy-megapap-cvyat-pepel-zelen-135x317x25cm,2026-05-19
https://mebelcenter.bg/product/metalen-kragal-masichka-hm510414-cheren-f60x72hcm-za-uyutno-prostranstvo,2026-05-19
https://mebelcenter.bg/product/sgavaema-metalna-cherna-masa-45-sm-idealna-za-malki-prostranstva,2026-05-19
https://mebelcenter.bg/product/mini-masa-chen-megapap-cvyat-siv-retro-f42x50cm,2026-05-19
https://mebelcenter.bg/product/televizionen-sastav-stamaciya-megapap-cvyat-byal-210x368x468cm,2026-05-19
https://mebelcenter.bg/product/dining-chair-lucie-hm824210-grey-with-metallic-legs-56x57x80-cm,2026-05-19
https://mebelcenter.bg/product/noshtno-shkafche-trendline-megapap-ofis-chekmedje-v-oreh-cvyat-40x39x57cm,2026-05-19
https://mebelcenter.bg/product/recepciya-recepciya-bliznaci-megapap-cvyat-estestven-buk-vaglerod-150x70x110cm-copy,2026-05-19
https://mebelcenter.bg/product/stenno-ogledalo-luna-megapap-cvyat-cheren-120x2x52cm,2026-05-19
https://mebelcenter.bg/product/kabinet-za-banya-paper-megapap-cvyat-byal-17x42x66cm,2026-05-19
https://mebelcenter.bg/product/leglo-beka-s-byala-pu-koja-za-komforten-san,2026-05-19
https://mebelcenter.bg/product/edinichno-leglometalna-osnova-marku-darvena-podmatrachna-ramka-90190-sm-metal-cheren,2026-05-19
https://mebelcenter.bg/product/detsko-leglo-montesori-domer-ot-masivna-borova-darvesina-v-byal-tsvyat-190x90-sm,2026-05-19
https://mebelcenter.bg/product/gradinska-metalna-masichka-adam-s-ukrepeno-staklo-120h70h71hcm,2026-05-19
https://mebelcenter.bg/product/noshtno-shkafche-pauline-megapap-melamin-cvyat-bor-byal-45x35x61ec,2026-05-19
https://mebelcenter.bg/product/livi-megapap-stenen-zakachalka-cvyat-sapfir-dab-siv-retro-752x18x453cm,2026-05-19
https://mebelcenter.bg/product/masa-za-kafe-mareta-megapap-cvyat-byal-818x50x35cm,2026-05-19
https://mebelcenter.bg/product/cheren-aluminiev-masa-70sm-s-staklo-i-bambukov-vid,2026-05-19
https://mebelcenter.bg/product/dining-chair-hm805202-vanessa-black-with-metallic-legs-43x465x82cm,2026-05-19
https://mebelcenter.bg/category/trapezni-komplekti-1,2026-05-19
https://mebelcenter.bg/category/mebeli?page=198,2026-05-19
https://mebelcenter.bg/product/chair-vienna-type-with-pu,2026-05-19
https://mebelcenter.bg/product/london-megapap-cvyat-na-obuvkata-byal-sapfiren-dab-100x35x40cm,2026-05-19
https://mebelcenter.bg/product/aluminiev-stol-azariya-s-bambukov-vid-v-kafyavo-44x52x115hcm,2026-05-19
https://mebelcenter.bg/product/tablica-pepe-megapap-cveten-vaglerod-estestven-buk-x77x75cm,2026-05-19
https://mebelcenter.bg/product/noshtno-shkafche-sirius-megapap-lyav-cvyat-byal-32x30x61ec,2026-05-19
https://mebelcenter.bg/category/gradinski-mebeli?page=26,2026-05-19
https://mebelcenter.bg/product/televizionen-sastav-salerno-megapap-cvyat-byal-180x35x51ec,2026-05-19
https://mebelcenter.bg/product/stenno-ogledalo-denza-megapap-cvyat-byal-100x80x22cm,2026-05-19
https://mebelcenter.bg/product/trapezen-stol-laredo-y-eko-koja-krem-79,2026-05-19
https://mebelcenter.bg/product/sgavaemo-leglo-netti-s-vklyuchen-matrak-76190sm-metal-cherno,2026-05-19
https://mebelcenter.bg/product/sgavaema-ketaring-masa-carmen-9806,2026-05-19
https://mebelcenter.bg/product/divan-leglo-tradi-ot-masivna-borova-darvesina-v-byal-tsvyat-190x90-sm,2026-05-19
https://mebelcenter.bg/product/metalen-masichka-s-bejova-vika-50x50x485cm-za-stilen-interior,2026-05-19
https://mebelcenter.bg/product/televizionna-mebelna-stena-aristo-megapap-s-byal-led-cvyat-135x316x25cm,2026-05-19
https://mebelcenter.bg/product/stranichno-senchishte-za-kaskadgarderob-cressen-3x3m-vodootblaskvashto,2026-05-19
https://mebelcenter.bg/product/tablica-rubi-megapap-cvyat-byal-vaglerod-100x100x78cm,2026-05-19
https://mebelcenter.bg/product/profesionalen-plajen-shezlong-makedoniya-ot-borova-darvesina-200x92x235-73hcm,2026-05-19
https://mebelcenter.bg/product/noshtno-shkafche-vito-megapap-cvyat-byal-34x30x664cm,2026-05-19
https://mebelcenter.bg/product/ofis-rabota-honey-megapap-cvyat-byal-estestven-buk-137x60x75cm,2026-05-19
https://mebelcenter.bg/product/aluminiev-chadar-3x3x265-m-s-rachka-i-stilno-dizayn,2026-05-19
https://mebelcenter.bg/product/kragla-masa-sammon-ot-metal-v-kapuchino-cvyat-f45x50hcm,2026-05-19
https://mebelcenter.bg/product/pokrivna-lampa-e27-metal-trisvetlinen-cvyat-zlato-30x30x85cm,2026-05-19
https://mebelcenter.bg/product/nastolna-lampa-hassard-plat-mdf-cvyat-cheren-15x16x22cm,2026-05-19
https://mebelcenter.bg/product/bar-masa-carmen-4006-cherna,2026-05-19
https://mebelcenter.bg/product/tapicirano-leglo-nestor-160200-sm-damaska-velvet-bejovo,2026-05-19
https://mebelcenter.bg/product/bar-stol-brea-2-siv,2026-05-19
https://mebelcenter.bg/product/kragla-aluminieva-masa-higer-za-komfort-na-otkrito-f90x74hcm,2026-05-19
https://mebelcenter.bg/product/ergonomichen-stol-za-hranene-na-otkrito-tamen-maslinen,2026-05-19
https://mebelcenter.bg/product/profesionalen-stol-cheren-metal-i-ratan-515x58x86hcm,2026-05-19
https://mebelcenter.bg/product/kabinetat-za-banya-calencia-megapap-cvyat-vaglerod-20x60x55cm,2026-05-19
https://mebelcenter.bg/product/stena-ogledalo-megapap-aluminiev-cvyat-cheren-57x2x57cm,2026-05-19
https://mebelcenter.bg/product/trapezna-masa-skala-krem,2026-05-19
https://mebelcenter.bg/product/metalen-leglo-maden-v-byalo-za-udoben-san,2026-05-19
https://mebelcenter.bg/product/kreslo-anita-svetlobejovo-hlr,2026-05-19
https://mebelcenter.bg/selection/april-promo?page=17,2026-05-19
https://mebelcenter.bg/product/byuro-za-rabota-terra-megapap-color-florida-oak-129x55x75cm,2026-05-19
https://mebelcenter.bg/product/armchair-duane-hm870006-velvet-burgundy-red-with-metallic-frame-52x55x80-cm,2026-05-19
https://mebelcenter.bg/product/komplekt-masa-i-stolove-5ch-metalen-v-sivo-110x60sm,2026-05-19
https://mebelcenter.bg/product/fotyoyl-polypropylene-karek-v-byalo-s-aluminievi-kraka,2026-05-19
https://mebelcenter.bg/product/detroyt-megapap-bibliotechen-cvyat-sapfiren-dab-koprinen-cheren-58x352x175cm,2026-05-19
https://mebelcenter.bg/product/trapezen-stol-k-535-s-vartyasht-se-mehanizam-zeleno-s-cherno,2026-05-19
https://mebelcenter.bg/product/bibliotechen-agal-piano-megapap-cvyat-siv-retro-314x314x1589cm,2026-05-19
https://mebelcenter.bg/product/televizionni-mebeli-samolet-megapap-izraboten-ot-melaminov-cvyat-oreh-150x32x46ec,2026-05-19
https://mebelcenter.bg/product/trapezen-stol-cansy-cheren-metal-ekryu-plat-0610594,2026-05-19
https://mebelcenter.bg/product/konzola-castel-megapap-metalen-melamin-cheren-cvyat-vaglerod-90x335x90cm,2026-05-19
https://mebelcenter.bg/product/recepciya-recepciya-bliznaci-megapap-cvyat-estestven-buk-vaglerod-120x70x110cm,2026-05-19
https://mebelcenter.bg/product/televizionni-mebeli-style-megapap-izraboten-ot-melamin-cvyat-cheren-tori-160x41x58cm,2026-05-19
https://mebelcenter.bg/product/noshtno-shkafche-elos-megapap-cvyat-sapfir-dab-koprineno-cherno-30x317x55sm,2026-05-19
https://mebelcenter.bg/product/stenno-ogledalo-selinos-megapap-cvyat-pyasachnik-rota-ouk-65x22x85cm,2026-05-19
https://mebelcenter.bg/product/noshtno-shkafche-ulman-megapap-cvyat-sapfir-dab-35x37x72cm,2026-05-19
https://mebelcenter.bg/category/spalni-legla?page=2,2026-05-19
https://mebelcenter.bg/product/zamestvasht-sennik-za-chadar-ekstrudiran-poliester-f250sm,2026-05-19
https://mebelcenter.bg/product/shoewcase-shkaf-soho-megapap-izraboten-ot-melaminov-cvyat-sonoma-80x36x127cm,2026-05-19
https://mebelcenter.bg/product/metalen-stol-s-vazglavnica-allegra-i-pletka-v-bejovo,2026-05-19
https://mebelcenter.bg/product/rabotno-byuro-pont-megapap-cvyat-byal-145x60x744cm,2026-05-19
https://mebelcenter.bg/product/komplekt-za-vanshno-hranene-5ch-s-4-stola-i-masa-120x70-kafyav,2026-05-19
https://mebelcenter.bg/product/televizionni-mebeli-loren-megapap-izraboteni-ot-melamin-cvyat-bejov-mramor-efekt-120x30x40cm,2026-05-19
https://mebelcenter.bg/product/melaminova-kalafka-za-obuvki-flat-megapap-18-dvoyka-v-byal-cvyat-75x29x128cm,2026-05-19
https://mebelcenter.bg/category/mebeli?page=69,2026-05-19
https://mebelcenter.bg/product/trapezen-stol-maya-cherna-metalna-ramka-takan-svetlosiv,2026-05-19
https://mebelcenter.bg/product/melaminova-obuvka-port-megapap-8-dvoyki-cvyat-oreh-48x31x92cm,2026-05-19
https://mebelcenter.bg/product/kafe-masa-komplekt-2-br-romski-megapap-cvyat-dab-60x60x46cm,2026-05-19
https://mebelcenter.bg/product/lyuleeshto-se-kreslo-daniel-sivo-s-cherno-i-naturalno,2026-05-19
https://mebelcenter.bg/product/raztegatelna-trapezna-masa-katowice-krem,2026-05-19
https://mebelcenter.bg/product/byuro-livno-zebrano,2026-05-19
https://mebelcenter.bg/product/kreslo-maraya-vartyashto-ekryu-bukle-cherna-baza,2026-05-19
https://mebelcenter.bg/category/mebeli?page=214,2026-05-19
https://mebelcenter.bg/product/studentski-komplekt-2-chasti-hm1111301,2026-05-19
https://mebelcenter.bg/product/stol-za-hranene-harriet-s-uyuten-dizayn-i-ustoychiv-material,2026-05-19
https://mebelcenter.bg/product/drehi-garderob-viktoriya-megapap-ednolisten-cvyat-byal-50x60x181cm,2026-05-19
https://mebelcenter.bg/product/kompoziciya-za-dnevna-2-chasti-melamin-v-oreh-sinyo-9996508,2026-05-19
https://mebelcenter.bg/product/holna-masa-cecilia-kragla-byal-mramor-sas-sivo-i-zlatno,2026-05-19
https://mebelcenter.bg/products/mc-0512136,2026-05-19
https://mebelcenter.bg/product/pokrivna-lampa-rozling-mdfpvc-cvyat-orehbejov-38x21x140cm,2026-05-19
https://mebelcenter.bg/product/trapezen-stol-nora-bukova-izbelen-ekryu-plat-0610590,2026-05-19
https://mebelcenter.bg/product/ketaring-bar-stol-shaki-kapuchino,2026-05-19
https://mebelcenter.bg/product/armchair-professional-theresa-hm926311-grey-nubuck-fabric-with-wooden-legs-56x60x84h-cm,2026-05-19
https://mebelcenter.bg/product/renso-megapap-obuvka-dvulistna-sapfiren-dab-cvyat-598x378x1785cm,2026-05-19
https://mebelcenter.bg/product/set-5-pieces-table-minimal-black-vegas-white-hm10601-80x80x74-cm,2026-05-19
https://mebelcenter.bg/product/trapezen-stol-kh525,2026-05-19
https://mebelcenter.bg/product/byal-aluminiev-masa-s-polivud-45x45x455-za-vanshno-polzvane,2026-05-19
https://mebelcenter.bg/product/televizionni-mebeli-lotus-megapop-cvyat-siv-retro-120x30x40cm,2026-05-19
https://mebelcenter.bg/category/ofis-stolove?page=16,2026-05-19
https://mebelcenter.bg/product/hm307812-armchairbed-constance-dusty-pink-velvet-95x92x66y-cm,2026-05-19
https://mebelcenter.bg/product/komplekt-za-vanshno-hranene-s-polivudova-masa-i-stolove,2026-05-19
https://mebelcenter.bg/product/televizionni-mebeli-stilo-megapap-s-led-cvyat-byal-150x37x52cm,2026-05-19
https://mebelcenter.bg/product/ofis-stol-lord-megapap-s-plat-mash-color-black-665x70x12313cm,2026-05-19
https://mebelcenter.bg/product/kragla-aluminieva-masa-higer-za-vashiya-vanshen-prostranstvo-f126x73hcm,2026-05-19
https://mebelcenter.bg/product/kuhnenski-mebeli-foyer-megapap-metal-melamin-cvyat-cheren-pushen-oreh-101x36x1607cm,2026-05-19
https://mebelcenter.bg/product/tapicirano-leglo-malena-90200-sm-vkl-podmatrachna-ramka-damaska-nabuk-zeleno,2026-05-19
https://mebelcenter.bg/product/kvadratna-bar-masa-figgy-s-temperirano-staklo-60x60x100hcm-1,2026-05-19
https://mebelcenter.bg/product/metalno-leglo-selina-150200-sm-vkl-podmatrachna-ramka-oreh-s-cherno,2026-05-19
https://mebelcenter.bg/product/leglo-kapri-150200-sm-vkl-podmatrachna-ramka-i-2-broya-chekmedjeta-antracit,2026-05-19
https://mebelcenter.bg/category/mebeli?vendors=brw,2026-05-19
https://mebelcenter.bg/product/komplekt-za-hranene-na-otkrito-5-chasti-s-eleganten-dizayn,2026-05-19
https://mebelcenter.bg/product/metallikh-karekla-me-kaoisma-apo-pu-ts422k-45x53x79-ek,2026-05-19
https://mebelcenter.bg/product/set-za-otdih-na-otkrito-4chasti-hm590202-aluminiy-i-vaje-tymno-siv,2026-05-19
https://mebelcenter.bg/product/komplekt-za-gradinsko-hranene-hm11812-s-polivud-160x92,2026-05-19
https://mebelcenter.bg/product/kafe-masa-komplekt-2-br-romski-megapap-cvyat-cheren-60x60x46cm,2026-05-19
https://mebelcenter.bg/product/atlas-megapap-library-metalen-melaminov-cvyat-atlantik-payn-cheren-130x35x180cm,2026-05-19
https://mebelcenter.bg/product/melamin-obuvka-6-chift-stapka-megapap-v-oreh-cvyat-60x30x42cm,2026-05-19
https://mebelcenter.bg/product/stilen-stol-za-otkrito-armchair-outdoor-ledan-v-kafyavo,2026-05-19
https://mebelcenter.bg/product/komplekt-za-vanshno-hranene-5-ch-s-marmurova-plocha,2026-05-19
https://mebelcenter.bg/product/melamine-library-cube-megapap-color-oak-60x24x110cm,2026-05-19
https://mebelcenter.bg/product/vhodni-mebeli-belgum-megapap-boya-borov-dab-873x35x128cm,2026-05-19
https://mebelcenter.bg/product/shoewcase-shkaf-soho-megapap-izraboten-ot-melaminov-cvyat-sonoma-80x36x127cm-1,2026-05-19
https://mebelcenter.bg/product/sgavaema-masa-carmen-9947-byala,2026-05-19
https://mebelcenter.bg/product/drehi-garderob-viktoriya-megapap-ednolistna-s-tavanski-cvyat-oreh-50x60x240cm,2026-05-19
https://mebelcenter.bg/product/trapezen-stol-kim-383495-damaska-sivo-s-cherno,2026-05-19
https://mebelcenter.bg/category/garderobi?page=7,2026-05-19
https://mebelcenter.bg/vendor/mc?page=18,2026-05-19
https://mebelcenter.bg/product/stenen-zakachalka-kery-megapap-izrabotena-ot-melamin-cvyat-byal-80x11x18ec,2026-05-19
https://mebelcenter.bg/product/byuro-za-rabota-fernando-megapap-cvyat-byal-1584x60x722cm,2026-05-19
https://mebelcenter.bg/product/ofisat-na-odeon-megapap-raboti-cvyat-rustik-oreh-120x598x738cm,2026-05-19
https://mebelcenter.bg/product/bar-stol-s-rakohvatki-i-stilen-dizayn-v-byalo,2026-05-19
https://mebelcenter.bg/product/aluminieva-masa-v-siv-cvyat-s-staklo-100x58x46sm,2026-05-19
https://mebelcenter.bg/product/chair-twist-hm844910-with-chromed-legs-and-seat-pp-grey-465x48x81-cm,2026-05-19
https://mebelcenter.bg/product/stenen-zakachalka-valna-megapap-cvyat-estestven-buk-64x4x81ec,2026-05-19
https://mebelcenter.bg/product/djokasta-megapap-biblioteka-metalen-melaminov-cvyat-antracen-66x34x85cm,2026-05-19
https://mebelcenter.bg/product/prezidentski-ofis-stol-carmen-7538-tamnosiv,2026-05-19
https://mebelcenter.bg/product/prezidentski-ofis-stol-carmen-8040-cheren,2026-05-19
https://mebelcenter.bg/product/aluminieva-masa-140x80-siv-cvyat-za-vsyako-prostranstvo,2026-05-19
https://mebelcenter.bg/product/skrin-koen-venge-magiya-stroks,2026-05-19
https://mebelcenter.bg/product/tapicirano-leglo-alba-160200smvkl-podmatrachna-ramka-i-mehanizam-za-povdigane-teksturirana-damaska-sinyo,2026-05-19
https://mebelcenter.bg/product/stoul-linda-megapap-plat-cvyat-vaglerod-40x40x40cm,2026-05-19
https://mebelcenter.bg/product/armchair-crawley-with-footstool-hm891823-cypress-green-boucle-fabric-black-metal-legs-70x74x105hcm,2026-05-19
https://mebelcenter.bg/product/aluminiev-stol-spano-s-antracitna-ramka-i-ratan-555x58x81hcm,2026-05-19
https://mebelcenter.bg/product/oryana-megapap-cvyat-byal-160x200cm,2026-05-19
https://mebelcenter.bg/product/kreslo-royal-peacock-ot-ratan-s-komfortna-vazglavnica,2026-05-19
https://mebelcenter.bg/product/ofis-fiona-megapap-izraboten-ot-melamin-cvyat-byal-90x55x75cm,2026-05-19
https://mebelcenter.bg/product/trapezen-stol-mik-cheren-metal-bejov-plat-49x535x80-sm-0610597,2026-05-19
https://mebelcenter.bg/product/stenen-zakachalka-igra-megapap-cvyat-estestven-buk-vaglerod-995x15x61ek,2026-05-19
https://mebelcenter.bg/product/kafe-masa-devan-megapap-s-kelner-cvyat-oreh-110x60x448cm,2026-05-19
https://mebelcenter.bg/product/peralni-mebeli-mindi-megapap-metal-melamin-cheren-cvyat-vaglerod-66x34x160cm,2026-05-19
https://mebelcenter.bg/product/ogledalo-za-banya-demo-megapap-cvyat-byal-60x175x60cm,2026-05-19
https://mebelcenter.bg/products/mc-67915,2026-05-19
https://mebelcenter.bg/product/dopalnitelna-tablica-stella-megapap-metal-mdf-cheren-cvyat-oreh-o345x565cm,2026-05-19
https://mebelcenter.bg/product/nabor-za-otkrito-prostranstvo-4chasti-eddard-hm9340-masivna-teakova-darvesina-naturalen-byal,2026-05-19
https://mebelcenter.bg/blog?page=5,2026-05-19
https://mebelcenter.bg/product/luksozna-leglo-s-velurena-tapiceriya-i-eleganten-dizayn,2026-05-19
https://mebelcenter.bg/product/mini-masa-hoffman-megapap-metal-mdf-cvyat-byal-byal-mramor-efekt-35x35x58cm,2026-05-19
https://mebelcenter.bg/product/vodoustoychiv-pouf-bloom-svetlosin-106x70x61cm-za-komfort,2026-05-19
https://mebelcenter.bg/product/oryana-megapap-garderob-chetirilisten-cvyat-oreh-180x62x210cm,2026-05-19
https://mebelcenter.bg/product/alumineeva-peyka-tawnee-s-poliplatforma-i-krasiv-dizayn-150x36x45hcm,2026-05-19
https://mebelcenter.bg/product/armchair-swivel-karlen-hm959205-pistachio-green-boucle-fabric-79x79x76-hcm,2026-05-19
https://mebelcenter.bg/product/divan-dvoyka-s-elektricheski-relaks-mehanizam-selena-lux-tamnosiv-457,2026-05-19
https://mebelcenter.bg/product/stilen-polipropilenov-stol-kapuchino-za-udobstvo,2026-05-19
https://mebelcenter.bg/product/bar-stol-telford-2-silikonova-koja-siv-67,2026-05-19
https://mebelcenter.bg/product/stenno-ogledalo-moon-megapap-cvyat-siv-88x88x22cm,2026-05-19
https://mebelcenter.bg/product/masata-za-otkrito-s-kafyav-metal-i-staklen-plot-120x70x72hcm-s-dupka-za-chadar,2026-05-19
https://mebelcenter.bg/category/skrinove?page=2,2026-05-19
https://mebelcenter.bg/product/bar-stol-leon-5957112-sm-damaska-velvet-tamno-sivo-s-cherno,2026-05-19
https://mebelcenter.bg/product/trapezen-stol-craven-ohra-mj-3,2026-05-19
https://mebelcenter.bg/category/zakachalki?page=2,2026-05-19
https://mebelcenter.bg/product/komplekt-za-vanshno-hranene-5-ch-s-aluminova-masata-i-stolove,2026-05-19
https://mebelcenter.bg/product/metalen-komplekt-za-hranene-5-chasti-v-sivo-s-4-stola,2026-05-19
https://mebelcenter.bg/product/divan-leglo-ece-megapap-trimesten-plat-cvyat-kafyav-215x90x88cm,2026-05-19
https://mebelcenter.bg/vendor/carmen?page=9,2026-05-19
https://mebelcenter.bg/product/masa-za-kafe-view-megapap-color-white-95x50x34ec,2026-05-19
https://mebelcenter.bg/product/pokrivna-lampa-denis-metal-ednocvetna-cherna-21x30x70cm,2026-05-18
https://mebelcenter.bg/product/stol-allegra-za-otkrito-s-komfortna-vazglavnica,2026-05-18
https://mebelcenter.bg/product/metalen-stol-hm568501-s-vazglavnica-siv-ratan-55x64x93cm,2026-05-18
https://mebelcenter.bg/category/mebeli?page=15,2026-05-18
https://mebelcenter.bg/product/garderob-diamond-megapap-kosh-za-prane-cvyat-byal-glanc-52x38x83cm,2026-05-18
https://mebelcenter.bg/product/ogledalo-za-banya-deal-megapap-cvyat-byal-65x153x65cm,2026-05-18
https://mebelcenter.bg/product/vanshna-trapeza-navant-ot-solidno-akacievo-darvo-200x100x75hcm,2026-05-18
https://mebelcenter.bg/product/trapezen-stol-fano-siv,2026-05-18
https://mebelcenter.bg/vendor/krez?page=2,2026-05-18
https://mebelcenter.bg/product/byuro-mostar-dab-tabak,2026-05-18
https://mebelcenter.bg/product/televizionni-mebeli-soho-megapap-izraboteni-ot-melaminov-cvyat-sonoma-140x40x50-sm-1,2026-05-18
https://mebelcenter.bg/product/komplekt-za-hranene-5-chasti-s-aluminieva-masa-v-tamen-siv-cvyat,2026-05-18
https://mebelcenter.bg/product/pokrivna-lampa-gibsan-izrabotena-ot-vaje-ednosvetlo-cherno-30x23x70cm,2026-05-18
https://mebelcenter.bg/product/tablica-walter-megapap-mdf-metalen-cvyat-acacia-140x80x75cm,2026-05-18
https://mebelcenter.bg/product/gradinska-lyulka-likid-trimestna-200x120x164sm-vkl-vazglavnici-mehanizam-za-san-siva,2026-05-18
https://mebelcenter.bg/product/metal-armchair-with-black-leather-aged-hm829303-76x74x92cm,2026-05-18
https://mebelcenter.bg/product/metalen-gradinski-stol-muri-tamnozelen,2026-05-18
https://mebelcenter.bg/product/aluminiev-trapezen-masa-v-bambukov-stil-s-staklo-100x58x46,2026-05-18
https://mebelcenter.bg/product/kreslo-jasmine-tikovo-darvo-sivo-vaje,2026-05-18
https://mebelcenter.bg/product/melamin-biblioteka-maks-megapap-v-byal-cvyat-58x23x170cm,2026-05-18
https://mebelcenter.bg/product/trapezen-stol-serentiy-ot-sin-velur-s-metalna-ramka-51x58x83cm,2026-05-18
https://mebelcenter.bg/category/drugi-mebeli,2026-05-18
https://mebelcenter.bg/category/ofis-obzavejdane?vendors=carmen&page=9,2026-05-18
https://mebelcenter.bg/product/dopalnitelna-tablica-silvanus-megapap-cvyat-cheren-51x175x49cm,2026-05-18
https://mebelcenter.bg/product/mebeli-za-televizori-piprala-megapap-cvyat-vaglerod-110x30x40cm,2026-05-18
https://mebelcenter.bg/product/metalna-masata-siv-150x90x72-za-vanshni-prostranstva,2026-05-18
https://mebelcenter.bg/product/noshtno-shkafche-megapap-cvyat-sapfir-dab-40x35x45cm,2026-05-18
https://mebelcenter.bg/product/aluminiev-stol-hm569802-cheren-s-pletenica-za-udobstvo,2026-05-18
https://mebelcenter.bg/product/upravlenie-na-ofis-stola-arial-megapap-izraboten-ot-izkustvena-koja-cheren-62x63x112122cm,2026-05-18
https://mebelcenter.bg/product/sgavaem-stol-flo-444578-damaska-velvet-sivo-s-cherno,2026-05-18
https://mebelcenter.bg/category/ofis-stolove?page=6,2026-05-18
https://mebelcenter.bg/product/kuhnenski-mebeli-benito-megapap-metal-melamin-cheren-cvyat-payn-ouk-836x302x1407cm,2026-05-18
https://mebelcenter.bg/category/ofis-obzavejdane?vendors=carmen&page=6,2026-05-18
https://mebelcenter.bg/product/metalen-stelaj-star-180x90x35-sm-do-175-kg-na-raft-cink,2026-05-18
https://mebelcenter.bg/product/metalen-stelaj-mega-177x90x45-sm-do-600-kg-na-raft-cink,2026-05-18
https://mebelcenter.bg/product/mebeli-za-prane-bobi-megapap-cvyat-byal-67x60x178cm,2026-05-18
https://mebelcenter.bg/product/polipropilenov-stol-fett-s-bambukov-vid-izdrajlivost-63x59x81hcm,2026-05-18
https://mebelcenter.bg/product/ofis-stol-alis-megapap-plat-cvyat-siv-61x61x8090cm,2026-05-18
https://mebelcenter.bg/product/noshtno-shkafche-dopalnitelna-masa-celiyat-cvyat-megapap-byal-398x35x546cm,2026-05-18
https://mebelcenter.bg/products/mc-58249,2026-05-18
https://mebelcenter.bg/product/rabotno-byuro-koncepciya-megapap-izraboten-ot-melamin-v-cvyat-oreh-120x60x75cm,2026-05-18
https://mebelcenter.bg/product/vanshen-divan-2-mesten-allegra-s-pletka-v-bejovo-cheren-cvyat,2026-05-18
https://mebelcenter.bg/product/biblioteka-niho-megapap-cvyat-byal-estestven-buk-120x253x171cm,2026-05-18
https://mebelcenter.bg/product/ofis-stol-upravlenie-dyuk-megapap-ot-izkustvena-koja-cheren-72x70x120125cm,2026-05-18
https://mebelcenter.bg/products/mc-69094,2026-05-18
https://mebelcenter.bg/vendor/mc?page=10,2026-05-18
https://www.mebelcenter.bg/category/trapezni-masi?daljina-masa=120-150-sm&price_range=from_180-to_4180&page=4,2026-05-18
https://mebelcenter.bg/product/lejanka-lagerta-ot-tikovo-darvo-v-estestven-cvyat,2026-05-18
https://mebelcenter.bg/category/tapicirani-stolove?page=17,2026-05-18
https://mebelcenter.bg/product/peyka-ot-masiven-tik-v-estestven-cvyat-130x52x80hcm,2026-05-18
https://mebelcenter.bg/product/trapezen-stol-maldon-siv-r-07,2026-05-18
https://mebelcenter.bg/product/televizionna-mebelna-stena-aristo-megapap-s-led-cvyat-oreh-135x316x25cm,2026-05-18
https://mebelcenter.bg/product/hm891801-crawley-armchair-with-extra-footstool-grey-velvet,2026-05-18
https://mebelcenter.bg/product/holna-masa-paola,2026-05-18
https://mebelcenter.bg/product/bufeti-joji-megapap-cvyat-sapfir-dab-koprineno-cherno-1888x40x776cm,2026-05-18
https://mebelcenter.bg/product/darven-hamak-kd-kailano-v-orehovo-s-bejov-plat,2026-05-18
https://mebelcenter.bg/product/trapezen-stol-maslenozelena-damaska-i-metalni-kraka-43x54x88hcm,2026-05-18
https://mebelcenter.bg/product/aluminieva-masa-gobar-za-otkrito-s-darvesen-vid-240h105h75hcm,2026-05-18
https://mebelcenter.bg/product/chair-lucille-hm855208-form-velvet-blue-with-metallic-frame-45x56x81cm,2026-05-18
https://mebelcenter.bg/product/pokrivna-lampa-led-holt-metal-dvusvetlo-cherno-20x20x68cm,2026-05-18
https://mebelcenter.bg/product/trapezen-stol-frome-tamnosiv-sf-2,2026-05-18
https://mebelcenter.bg/product/armchair-arien-hm840303-cypress-green-velvet-gold-base-80x75x82cm,2026-05-18
https://mebelcenter.bg/product/detska-lampa-gufi-plat-monofoto-sas-sladki-peperudi-30x20x70cm,2026-05-18
https://mebelcenter.bg/category/ofis-obzavejdane?page=36,2026-05-18
https://mebelcenter.bg/product/konzola-castel-megapap-metalen-melamin-cheren-cvyat-bor-dab-90x33-5x90cm,2026-05-18
https://mebelcenter.bg/product/trapezen-stol-zoe-estestven-ratan,2026-05-18
https://mebelcenter.bg/product/kreslo-greta-siv-hlr,2026-05-18
https://mebelcenter.bg/product/stol-za-otkrito-convee-udobstvo-i-stil-v-cherno,2026-05-18
https://mebelcenter.bg/product/taburetka-s-kolelca-carmen-3067-krem,2026-05-18
https://mebelcenter.bg/product/tapicirano-leglo-dolores-120200-sm-damaska-velvet-sivo,2026-05-18
https://mebelcenter.bg/product/leglo-adler-s-moderen-dizayn-i-udobstvo,2026-05-18
https://mebelcenter.bg/product/stenen-zakachalka-novo-megapap-izraboten-ot-metal-melamin-cvyat-byal-cheren-80x122x20cm,2026-05-18
https://mebelcenter.bg/product/biblioteka-dushan-megapap-cvyat-sepet-oak-875x30x175cm,2026-05-18
https://mebelcenter.bg/product/vartyashto-se-kreslo-ava-rozov-bukle-cherna-metalna-baza,2026-05-18
https://mebelcenter.bg/products/mc-72524,2026-05-18
https://mebelcenter.bg/products/mc-65513,2026-05-18
https://mebelcenter.bg/products/mc-66274,2026-05-18
https://mebelcenter.bg/product/holna-masa-nepo-law-115-dab-sonoma,2026-05-18
https://mebelcenter.bg/category/meka-mebel?page=7,2026-05-18
https://mebelcenter.bg/product/dopalnitelna-tablica-rozana-megapap-cvyat-sapfir-dab-35x295x60cm,2026-05-18
https://mebelcenter.bg/product/ofis-stol-marko-megapap-s-plat-mash-cvyat-cherveno-cherno-62x59x110120cm,2026-05-18
https://mebelcenter.bg/product/komplekt-masa-i-stolove-5-chasti-s-polipropilenovi-stolove,2026-05-18
https://mebelcenter.bg/product/detsko-leglo-montesori-pepe-01-ot-masivna-borova-darvesina-v-estestven-tsvyat-190x90-sm,2026-05-18
https://mebelcenter.bg/product/drehi-ricardo-megapap-petlif-s-chekmedjeta-cvyat-estestven-buk-200x518x181cm,2026-05-18
https://mebelcenter.bg/product/pokrivna-lampa-faraday-metal-ocveten-cvyat-cheren-38x21x155cm,2026-05-18
https://mebelcenter.bg/product/detsko-leglo-montesori-munk-05-ot-masivna-borova-darvesina-v-siv-tsvyat-190x90-sm,2026-05-18
https://mebelcenter.bg/product/geymarski-stol-carmen-6192-cherven-byal,2026-05-18
https://mebelcenter.bg/product/profesionalen-slanchev-shezlong-aluminiev-waldo-v-cherno,2026-05-18
https://mebelcenter.bg/product/drehi-ricardo-megapap-shest-pati-s-tavansko-pomeshtenie-i-chekmedjeta-cvyat-oreh-240x518x240cm,2026-05-18
https://mebelcenter.bg/product/prezidentski-ofis-stol-carmen-6076-2-cheren,2026-05-18
https://mebelcenter.bg/product/detska-taburetka-s-rakla-bejova-ovca,2026-05-18
https://mebelcenter.bg/product/trapezen-komplekt-5-chasti-s-kragla-masa-9996839,2026-05-18
https://mebelcenter.bg/product/pokrivna-lampa-led-aileen-metal-ednosvetlen-cvyat-cheren-12x12x80cm,2026-05-18
https://mebelcenter.bg/product/dvoyno-visyashto-gnezdo-s-podlojka-gracie-v-bejovo,2026-05-18
https://mebelcenter.bg/product/aluminieva-masichka-70x70x76-sas-staklo-i-bambukov-vid,2026-05-18
https://mebelcenter.bg/product/pokrivna-lampa-e27-metal-ednosvetitelen-cvyat-zlato-15x15x70cm,2026-05-18
https://mebelcenter.bg/product/prezidentski-ofis-stol-carmen-7580-cheren,2026-05-18
https://mebelcenter.bg/product/pokrivna-lampa-pyant-metal-ednosvetesht-cvyat-cheren-23x17x70cm,2026-05-18
https://mebelcenter.bg/product/geymarski-stol-carmen-7510-cherno-siv,2026-05-18
https://mebelcenter.bg/product/rabotno-byuro-kolmar-megapap-cvyat-byal-estestven-buk-140x60x75cm,2026-05-18
https://mebelcenter.bg/product/holna-masa-krag-s-siva,2026-05-18
https://mebelcenter.bg/vendor/mp?&page=22,2026-05-18
https://mebelcenter.bg/product/biblioteka-elysian-megapap-cvyat-byal-zlato-90x335x180cm,2026-05-18
https://mebelcenter.bg/product/aluminieva-masa-80x80-byala-za-vatre-i-vanka,2026-05-18
https://mebelcenter.bg/product/stol-za-vanshno-hranene-comfee-s-komfort-i-stil-41x57x82hcm,2026-05-18
https://mebelcenter.bg/product/leglo-azteca,2026-05-18
https://mebelcenter.bg/product/zamestvashto-pokritie-za-chadar-hm5776-poliester-f300cm,2026-05-18
https://mebelcenter.bg/product/ofis-konteyner-carmen-cr-1800-k-siv,2026-05-18
https://mebelcenter.bg/product/aluminiev-stol-galdin-s-komfortni-vazglavnici-61x65x82hcm,2026-05-18
https://mebelcenter.bg/product/drehite-na-viktoriya-megapap-s-dve-lista-cvyat-estestven-buk-100x60x181cm,2026-05-18
https://mebelcenter.bg/product/armchair-sawyer-hm852301-from-velvet-grey-with-gold-legs-55x60x83-cm,2026-05-18
https://mebelcenter.bg/product/trapezen-stol-s-podlakatnici-yara-bejov-plat-cherna-metalna-baza,2026-05-18
https://mebelcenter.bg/category/gradinski-komplekti?material-3=estestven-ratan-575619,2026-05-18
https://mebelcenter.bg/product/trapezen-stol-elma-1-byal,2026-05-18
https://mebelcenter.bg/category/holni-masi?page=6,2026-05-18
https://mebelcenter.bg/product/tablici-za-kafe-deyvis-megapap-2-br-cvyat-estestven-buk-70x69x46ec,2026-05-18
https://mebelcenter.bg/vendor/carmen?page=60,2026-05-18
https://mebelcenter.bg/product/set-dining-table-5-pieces-with-black-chairs-vanessa-hm10399-110x70x755-cm,2026-05-18
https://mebelcenter.bg/product/aluminieva-masa-s-polivud-200x100-sm-za-vsyakakvo-vreme,2026-05-18
https://mebelcenter.bg/product/masa-za-kafe-orbit-megapap-izrabotena-ot-melaminov-cvyat-oreh-118x53x41ec,2026-05-18
https://mebelcenter.bg/vendor/halmar?page=20,2026-05-18
https://mebelcenter.bg/category/dnevna,2026-05-18
https://mebelcenter.bg/product/stenna-biblioteka-raft-montessori-megapap-cvyat-byal-60x15x120cm,2026-05-18
https://mebelcenter.bg/product/plajen-shezlong-s-visoka-oblegalka-ot-aluminiy-188x58x28-80-sm,2026-05-18
https://mebelcenter.bg/product/ergonomichen-stol-metz-cheren,2026-05-18
https://mebelcenter.bg/product/pokrivna-lampa-thomas-e27-mdfpvc-cvyat-oreh-krem-38x38x135cm,2026-05-18
https://mebelcenter.bg/product/metalen-shkaf-carmen-cr-1258-k-siv,2026-05-18
https://mebelcenter.bg/product/dvoyno-leglo-suzi-metal-i-darvo-za-udoben-san,2026-05-18
https://mebelcenter.bg/product/darvena-peyka-za-dvama-capo-s-estestven-cvyat-121x59x86hcm,2026-05-18
https://mebelcenter.bg/product/bed-sissy-megapap-plat-cvyat-antracit-160x200cm,2026-05-18
https://mebelcenter.bg/product/dining-chair-acrylic-aramis-hm0170-transparent-345x50x90hcm,2026-05-18
https://mebelcenter.bg/vendor/mc?&page=11,2026-05-18
https://mebelcenter.bg/product/televizionni-mebeli-santana-megapap-metal-melamin-cheren-cvyat-borov-dab-120x35x61ec,2026-05-18
https://mebelcenter.bg/product/ofis-stol-berlin-megapap-plat-cvyat-rozov-byal-64x63x8996cm,2026-05-18
https://mebelcenter.bg/product/tapicerna-vazglavnica-s-kafyav-grab-114x46x7-sm,2026-05-18
https://mebelcenter.bg/product/konzola-alis-megapap-cvyat-siv-retro-110x29x88ec,2026-05-18
https://mebelcenter.bg/product/masa-s-osnova-ot-chugun-i-mramor-f60x71cm,2026-05-18
https://mebelcenter.bg/product/prezidentski-ofis-stol-carmen-6106-siv,2026-05-18
https://mebelcenter.bg/selection/mart-promo,2026-05-18
https://mebelcenter.bg/product/dining-chair-twist-hm846025-wooden-legs-polypropylene-seat-in-cappuccino-color-46x50x82hcm,2026-05-18
https://mebelcenter.bg/product/komplekt-ot-4-chasti-masa-s-peyka-i-2-stola-allegra-viker-bejov-hm10600,2026-05-18
https://mebelcenter.bg/product/hm891813-armchair-olive-green-velvet-footstool,2026-05-18
https://mebelcenter.bg/product/trapezen-stol-sevilla-velvet-87-h-44-h-51-cm-razlichni-cvetove,2026-05-18
https://mebelcenter.bg/product/armchair-crawley-with-footstool-hm891824-blue-boucle-fabric-black-metal-legs-70x74x105hcm,2026-05-18
https://mebelcenter.bg/product/set-za-vanshno-katovo-razvlekatelno-myasto-maerly-hm614003-aluminiy-i-vazglavnici-v-shampansko-cvyat-bejova-sintetichna-varv,2026-05-18
https://mebelcenter.bg/product/chair-with-wooden-legs-and-seat-twist-pp-grey-hm846010-46x50x82-cm,2026-05-18
https://mebelcenter.bg/product/trimestno-kanape-zongo-bejov,2026-05-18
https://mebelcenter.bg/product/vanshna-kafe-masa-allegra-s-cheren-metal-i-bejov-ratan,2026-05-18
https://mebelcenter.bg/product/detska-lampa-gufi-plat-monofoto-sas-sladki-jivotni-30x20x70cm,2026-05-18
https://mebelcenter.bg/vendor/mp?page=31,2026-05-18
https://mebelcenter.bg/product/mini-masa-roma-megapap-cvyat-siv-retro-335x335x46ec,2026-05-18
https://mebelcenter.bg/product/trapezen-stol-craven-2-silikonova-koja-siv-67,2026-05-18
https://mebelcenter.bg/product/komplekt-za-trapezariya-za-zakrito-ot-7-chasti-masa-s-keramichen-plot-i-6-fotyoyla-v-siv-cvyat-9996782,2026-05-18
https://mebelcenter.bg/product/recepciya-rezio-copy,2026-05-18
https://mebelcenter.bg/product/ofis-stol-franko-megapap-s-plat-mash-cvyat-siv-cheren-59x57x95105cm,2026-05-18
https://mebelcenter.bg/product/televizorni-mebeli-aglovi-tales-megapap-cvyat-byal-110x36x45cm,2026-05-18
https://mebelcenter.bg/vendor/carmen-224077643?page=38,2026-05-18
https://mebelcenter.bg/product/masa-za-kafe-soul-megapap-izrabotena-ot-melamin-cvyat-siv-retro-90x55x41ec,2026-05-18
https://mebelcenter.bg/product/raboten-ofis-stol-carmen-7061-cheren,2026-05-18
https://mebelcenter.bg/product/chair-lucille-hm855201-from-velvet-grey-and-metallic-frame-45x56x81cm,2026-05-18
https://mebelcenter.bg/product/metalen-stelaj-star-plus-180x120x60-sm-do-250-kg-na-raft-siv,2026-05-18
https://mebelcenter.bg/product/metalen-shkaf-carmen-cr-1291-l,2026-05-18
https://mebelcenter.bg/product/detroyt-megapap-bibliotechen-cvyat-sapfiren-dab-koprinen-cheren-1435x352x175cm,2026-05-18
https://mebelcenter.bg/product/armchair-vivien-hm863108-blue-velvetblack-legs-70x70x76cm,2026-05-18
https://mebelcenter.bg/product/bar-stol-carmen-3083-zelen,2026-05-18
https://mebelcenter.bg/category/skrinove?vendors=krez&price_range=from_115-to_325,2026-05-18
https://mebelcenter.bg/product/pokrivna-lampa-chavi-e27-metal-ednosvetesht-cvyat-zlato-18x18x75cm,2026-05-18
https://mebelcenter.bg/category/gradinski-mebeli?page=19,2026-05-18
https://mebelcenter.bg/product/televizorni-mebeli-aglovi-tales-megapap-cvyat-estestven-buk-110x36x45cm,2026-05-18
https://mebelcenter.bg/product/trimestno-kanape-lena-svetlosivo-70,2026-05-18
https://mebelcenter.bg/product/komplekt-masa-za-hranene-7-chasa-140x80-bruno-i-6-stola-leon,2026-05-18
https://mebelcenter.bg/product/metalen-stelaj-carmen-cr-1021-190h100h40-sm-do-65-kg-na-raft-cink,2026-05-18
https://mebelcenter.bg/product/pokrivna-lampa-nikita-e27-plat-monoluminescenten-cvyat-siv-40x40x75cm,2026-05-18
https://mebelcenter.bg/category/dnevna?page=10,2026-05-18
https://mebelcenter.bg/product/pokrivna-lampa-treiso-e27-metal-ednosvetesht-cvyat-zlato-o28x126cm,2026-05-18
https://mebelcenter.bg/category/matraci?page=4,2026-05-18
https://mebelcenter.bg/product/komplekt-za-vanshno-hranene-8-choveka-s-masa-150x90,2026-05-18
https://mebelcenter.bg/product/kreslo-leo-oreh-siv,2026-05-18
https://mebelcenter.bg/category/ofis-stolove-1?podlakatnici=da-032075&price_range=from_0.00-to_3500.00&page=8,2026-05-18
https://mebelcenter.bg/product/chair-with-wooden-legs-and-seat-twist-pp-pink-hm846005-46x50x82-cm,2026-05-18
https://mebelcenter.bg/product/trapezen-stol-s-podlakatnici-elvira-siva-takan-cherna-baza,2026-05-18
https://mebelcenter.bg/product/detsko-leglo-montesori-pepe-01-ot-masivna-borova-darvesina-v-estestven-tsvyat-140x70-sm,2026-05-18
https://mebelcenter.bg/product/trapezen-stol-k-358-sivo-s-cherno,2026-05-18
https://mebelcenter.bg/product/pokrivna-lampa-e27-metal-ednosvetlen-cvyat-zlato-rekolta-o50x31111cm,2026-05-18
https://mebelcenter.bg/product/trapezen-stol-wigan-sin-bf-5,2026-05-18
https://mebelcenter.bg/category/etajerki-za-knigi?page=2,2026-05-18
https://mebelcenter.bg/category/ofis-stolove-1?visochina-sedalka-ot-zemyata=41-51-sm&page=7,2026-05-18
https://mebelcenter.bg/category/ofis-stolove-1?visochina-sedalka-ot-zemyata=41-51-sm&page=8,2026-05-18
https://mebelcenter.bg/category/ofis-stolove-1?visochina-sedalka-ot-zemyata=41-51-sm&price_range=from_0-to_3305.00,2026-05-18
https://mebelcenter.bg/product/dopalnitelna-masa-za-kafe-za-furna-mulligan-megapap-metal-melamin-cvyat-cheren-mramoren-efekt-80x40x80cm,2026-05-18
https://mebelcenter.bg/product/televizionni-mebeli-kosta-megapap-cvyat-rekolta-patik-cheren-180x295x49cm,2026-05-18
https://mebelcenter.bg/product/mebeli-za-televizor-foot-megapap-cvyat-estestven-buk-160x35x49cm,2026-05-18
https://mebelcenter.bg/product/televizoren-sastav-pesaro-megapap-cvyat-byal-165x25x913cm,2026-05-18
https://mebelcenter.bg/product/trapezen-stol-ivy-ot-velur-v-svetlo-sino,2026-05-18
https://mebelcenter.bg/product/kreslo-lara-bejov-bukle-metalna-ramka,2026-05-18
https://mebelcenter.bg/product/trapezen-stol-hana-ot-kauchukovo-darvo-siv-plat-55x60x84hcm,2026-05-18
https://mebelcenter.bg/product/stol-armchair-camel-s-metalna-konstrukciya-i-ratan-48x48-53x72-sm,2026-05-18
https://mebelcenter.bg/product/stoyka-za-televizor-tontini-megapap-cvyat-cheren-mramor-efekt-byal-140x375x55cm,2026-05-18
https://mebelcenter.bg/product/kuhnyakabinet-za-banya-charli-megapap-izraboten-ot-melaminov-cvyat-byal-626x358x186cm,2026-05-18
https://mebelcenter.bg/product/dalbi-megapap-tekstilen-rolka-stol-cvyat-cvetni-40x40x40cm,2026-05-18
https://mebelcenter.bg/product/nastolna-lampa-za-masa-rope-e27-darvena-bejovo-vaje-cvyat-oreh-o17x40cm,2026-05-18
https://mebelcenter.bg/vendor/mc?page=27,2026-05-18
https://mebelcenter.bg/product/gazebo-matthew-sgavaem-cheren-metalen-ramka-i-byal-sennik-3x6x310hm,2026-05-18
https://mebelcenter.bg/product/raztegatelna-trapezna-masa-plock-x-bejova,2026-05-18
https://mebelcenter.bg/product/trapezen-stol-k-559-s-podlakatnici-bejovo-s-cherno-copy,2026-05-18
https://mebelcenter.bg/product/drehi-kalaf-za-obuvki-30-chifta-porto-ednolistni-s-ogledalo-byalo-60x36x187cm,2026-05-18
https://mebelcenter.bg/product/vhodni-mebeli-sas-zakachalka-melo-megapap-cvyat-estestven-buk-109x39x149cm,2026-05-18
https://mebelcenter.bg/product/leglo-za-plaj-ikaria-s-debela-vazglavnica-20-sm,2026-05-18
https://mebelcenter.bg/product/trapezen-stol-k281,2026-05-18
https://mebelcenter.bg/category/mebeli?page=231,2026-05-18
https://mebelcenter.bg/product/nastolna-lampa-tabletop-lander-fabric-pvcwood-cvyat-beige-sandbrown-22x17x32cm,2026-05-18
https://mebelcenter.bg/product/direktorski-stol-limnos-oreh-s-cheren-tekstil,2026-05-18
https://mebelcenter.bg/product/foldabilen-plajen-stol-sas-chashnik-v-siv-cvyat-77x48x81-cm,2026-05-18
https://mebelcenter.bg/product/pokrivna-lampa-zufash-e14-metal-ednosvetesht-cvyat-zlato-25x25x60cm,2026-05-18
https://mebelcenter.bg/product/set-armchair-and-footrest-roten-apple-velvet-tchesterfield-fb91105305,2026-05-18
https://mebelcenter.bg/product/trapezen-stol-carmen-525-zelen,2026-05-18
https://mebelcenter.bg/category/spalni-legla?page=4,2026-05-18
https://mebelcenter.bg/product/kafe-masa-komplekt-2-br-elips-megapap-cvyat-cheren-sivo-retro-116x46x46ec,2026-05-18
https://mebelcenter.bg/category/ofis-obzavejdane?page=19,2026-05-18
https://mebelcenter.bg/category/trapezni-stolove?price_range=from_85-to_355.00&page=4,2026-05-18
https://mebelcenter.bg/product/detska-lampa-neptune-e27-metal-ednosvetlen-cvyat-zelen-o30x70cm,2026-05-18
https://mebelcenter.bg/product/trapezen-stol-fazy-s-darveni-kraka,2026-05-18
https://mebelcenter.bg/product/pokrivna-lampa-karon-e27-ot-vaje-ednosvetlen-cvyat-estestven-o29x70cm,2026-05-18
https://mebelcenter.bg/product/pokrivna-lampa-barrie-e27-metal-ednosvetesht-cvyat-cheren-o30x65cm,2026-05-18
https://mebelcenter.bg/category/ofis-byura?vendors=carmen,2026-05-18
https://mebelcenter.bg/category/noshtni-shkafcheta?vendors=brw,2026-05-18
https://mebelcenter.bg/category/kresla-i-fotyoyli?shirina=90-sm&price_range=from_330-to_2390,2026-05-18
https://mebelcenter.bg/product/nastolna-lampa-tabletop-lander-fabric-pvcwood-cvyat-cypressbrown-22x17x32cm,2026-05-18
https://mebelcenter.bg/product/pokrivna-lampa-e27-plat-ednosvetlen-cvyat-bejov-19x25x70cm,2026-05-18
https://mebelcenter.bg/product/chehal-za-8-reyki-v-kremav-cvyat-za-chadar-3x3,2026-05-18
https://mebelcenter.bg/vendor/mc?page=26,2026-05-18
https://mebelcenter.bg/product/polipropilenova-masa-kornuol-v-kedrovo-zeleno-140x80x735hcm,2026-05-18
https://mebelcenter.bg/product/matrak-o-zone-dvulicev,2026-05-18
https://mebelcenter.bg/product/masa-za-kafe-marchelo-megapap-cvyat-estestven-buk-110x55x47ec,2026-05-18
https://mebelcenter.bg/product/rabotno-byuro-kubo-megapap-cvyat-byal-sapfiren-dab-110x50x75sm,2026-05-18
https://mebelcenter.bg/product/televizionen-sastav-djakomo-megapap-cvyat-sapfir-dab-vaglerod-180x40x45cm,2026-05-18
https://mebelcenter.bg/product/trapezen-stol-neker-s-udobna-sedalka-56x55x78hcm,2026-05-18
https://mebelcenter.bg/product/leglo-kingstan-megapap-kadife-sas-sahranitelen-vagleroden-cvyat-kafyav,2026-05-18
https://mebelcenter.bg/products/mc-75150,2026-05-18
https://mebelcenter.bg/product/dining-chair-brave-hm869503-beech-wood-in-black-beige-rope-48x55x735hcm,2026-05-18
https://mebelcenter.bg/vendor/megapap-92877697?page=29,2026-05-18
https://mebelcenter.bg/product/mini-masa-labirent-megapap-cvyat-vaglerod-54x40x45cm,2026-05-18
https://mebelcenter.bg/product/stol-za-hranene-venus-megapap-izraboten-ot-kadifen-cvyat-siv-cherenzlaten-krak-53x48x95ec,2026-05-18
https://mebelcenter.bg/product/mini-masi-roma-megapap-izraboten-ot-melamin-cvyat-tamno-mramorni-efekti,2026-05-18
https://mebelcenter.bg/product/metalen-shkaf-carmen-cr-1245-k-siv,2026-05-18
https://mebelcenter.bg/product/masa-za-kafe-kane-megapap-metal-melamin-cvyat-vaglerod-106x50x42cm,2026-05-18
https://mebelcenter.bg/product/trapezen-stol-ems-bukovo-darvo-cvyat-dab-cheren-pu,2026-05-18
https://mebelcenter.bg/category/ofis-obzavejdane?page=38,2026-05-18
https://mebelcenter.bg/category/garderobi?page=4,2026-05-18
https://mebelcenter.bg/product/chair-elvira-hm002502-seat-from-black-pu-40x44x83-cm,2026-05-18
https://mebelcenter.bg/product/detska-lampa-gufi-plat-monofoto-s-shtastlivi-slonove-30x20x70cm,2026-05-18
https://mebelcenter.bg/product/matrak-favourite-nova-orthopedic-dvulicev,2026-05-18
https://mebelcenter.bg/product/pokrivna-lampa-kenedi-e27-metal-staklo-tri-svetlinen-cvyat-zlato-o30x95cm,2026-05-18
https://mebelcenter.bg/product/metalen-shkaf-carmen-cr-1263-j,2026-05-18
https://mebelcenter.bg/product/kojen-divan-troyka-gram-lux-bejov,2026-05-18
https://mebelcenter.bg/product/noshtno-shkafche-sirius-megapap-desen-cvyat-byal-32x30x61ec,2026-05-18
https://mebelcenter.bg/product/pokrivna-lampa-visca-e27-izrabotena-ot-vaje-s-ednosvetlen-cvyat-byal-35x35x75cm,2026-05-18
https://mebelcenter.bg/product/trapezen-stol-latrell-s-kiparisova-zelena-damaska-i-metalni-kraka-55x57x84h-cm,2026-05-18
https://mebelcenter.bg/product/pokrivna-lampa-lucifer-e27-plat-monoluminescenten-cvyat-siv-30x15x70cm,2026-05-18
https://mebelcenter.bg/product/nastolna-lampa-za-masa-lander-e27-pvc-plat-bejov-cvyat-kafyav-22x17x33cm,2026-05-18
https://mebelcenter.bg/product/pokrivna-lampa-esela-e27-darvena-ednosvetitelna-cvyat-estestven-26x4x70cm,2026-05-18
https://mebelcenter.bg/product/dvumestno-kanape-greta-svetlosiv-fr,2026-05-18
https://mebelcenter.bg/product/set-5-pieces-table-sonama-chairs-vanessa-white-color-with-metallic-legs-hm1102401-120x70x765-cm,2026-05-18
https://mebelcenter.bg/product/ergonomichno-byuro-s-regulirane-na-visochinata-carmen-cr-119-byalo,2026-05-18
https://mebelcenter.bg/product/prezidentski-ofis-stol-carmen-5025-kesten,2026-05-18
https://mebelcenter.bg/product/gazebo-matthew-sgavaem-cheren-metalen-ramka-byala-syanka,2026-05-18
https://mebelcenter.bg/product/bufeti-gora-megapap-cvyat-cheren-mramor-efekti-byalo-110x356x82cm,2026-05-18
https://mebelcenter.bg/product/magazin-april-megapap-kadifeen-cvyat-bejov,2026-05-18
https://mebelcenter.bg/vendor/pyramis,2026-05-18
https://mebelcenter.bg/product/geymarski-stol-carmen-6516-cheren-byal,2026-05-18
https://mebelcenter.bg/product/dining-chair-vegas-hm003325-wooden-legs-polypropylene-seat-with-pu-in-cappuccino-48x52x81hcm,2026-05-18
https://mebelcenter.bg/product/hm891701-armchair-anika-indoors-wooden-rope-knitted-675x75x735h,2026-05-18
https://mebelcenter.bg/product/trapezen-stol-sefton-siv-cm,2026-05-18
https://mebelcenter.bg/product/chair-wooden-with-arms-hm8301-with-rattan-at-the-back-50x52x935-cm,2026-05-18
https://mebelcenter.bg/product/kojen-garderob-samet-megapap-s-dve-lista-s-byal-cvyat-na-chekmedjeto-sapfiren-dab-80x50x195cm,2026-05-18
https://mebelcenter.bg/product/divan-dionis-1908288-sm-klik-klak-mehanizam-funkciya-san-myasto-za-sahranenie-tamno-siv,2026-05-18
https://mebelcenter.bg/product/pokrivna-lampa-rozling-mdfpvc-cvyat-orehcipatra-38x21x140cm,2026-05-18
https://mebelcenter.bg/product/pokrivna-lampa-tavan-lampa-plat-ednosvetlen-cvyat-byal-zlato-30x20x70cm,2026-05-18
https://mebelcenter.bg/product/nastolna-lampa-winkler-wicker-platdarvometalen-cvyat-svetlo-kafyav-15x24x30cm,2026-05-18
https://mebelcenter.bg/product/pokrivna-lampa-alamea-e27-plat-monolumino-mnogocvetna-f38x70cm,2026-05-18
https://mebelcenter.bg/category/trapezariya?page=21,2026-05-18
https://mebelcenter.bg/product/kreslo-zoe-vartyashto-rozov-bukle-cherna-baza,2026-05-18
https://mebelcenter.bg/product/pokrivna-lampa-tora-e27-metalna-tricvetna-zlatista-podlojka-22x22x70cm,2026-05-18
https://mebelcenter.bg/product/kuhnenski-shkaf-banya-montana-megapap-cvyat-vaglerod-594x315x140cm,2026-05-18
https://mebelcenter.bg/product/pokrivna-lampa-havana-e27-metal-trisvetlinna-cherna-zlato-30x30x112cm,2026-05-18
https://mebelcenter.bg/product/zakachalki-za-podove-shua-megapap-metal-cvyat-byal-90x38x150cm,2026-05-18
https://mebelcenter.bg/product/trapezen-stol-theresa,2026-05-18
https://mebelcenter.bg/article/preobrazete-vasheto-vanshno-prostranstvo-s-tezi-idei-za-gradinski-mebeli,2026-05-18
https://mebelcenter.bg/product/drehi-kalaf-za-obuvki-eric-megapap-dvulisten-cvyat-byal-76x36x187cm,2026-05-18
https://mebelcenter.bg/product/chair-hm939901-solid-teak-natural-51x605x88-cm,2026-05-18
https://mebelcenter.bg/product/posetitelski-stol-limber-byal,2026-05-18
https://mebelcenter.bg/product/pokrivna-lampa-monahan-plat-monoluminescenten-cvyat-ekryu-38x20x70cm,2026-05-18
https://mebelcenter.bg/product/trapezen-stol-k335-djinsova-damaska-sivo-s-cherno,2026-05-18
https://mebelcenter.bg/product/nastolna-lampa-kristofar-platmetalen-cvyat-cheren-24x15x41cm,2026-05-18
https://mebelcenter.bg/product/rabotno-byuro-ina-megapap-cvyat-sapfir-dab-byal-110x60x75cm,2026-05-18
https://mebelcenter.bg/product/nastolna-lampa-masa-rozental-plat-pvc-cvyat-rozovzlato-22x17x37cm,2026-05-18
https://mebelcenter.bg/product/pokrivna-lampa-dona-e27-metalna-ednosveteshta-cherna-o19x131cm,2026-05-18
https://mebelcenter.bg/product/chair-with-wooden-legs-and-seat-twist-pp-light-green-hm846007-46x50x82-ek,2026-05-18
https://mebelcenter.bg/product/pokrivna-lampa-manolia-e27-metalna-ednosveteshta-cherna-f15x100cm,2026-05-18
https://mebelcenter.bg/vendor/mc?page=6,2026-05-18
https://mebelcenter.bg/product/masa-za-kafe-mareta-megapap-cvyat-byal-oreh-818x50x35cm,2026-05-18
https://mebelcenter.bg/product/bar-stol-snod2-ot-polipropilen-udoben-i-eleganten,2026-05-18
https://mebelcenter.bg/category/ofis-stolove-1?visochina-sedalka-ot-zemyata=41-51-sm&page=6,2026-05-18
https://mebelcenter.bg/product/kreslo-metallic-zeta-v-byal-cvyat-za-stilen-komfort,2026-05-18
https://mebelcenter.bg/product/chadar-s-makrame-ot-tik-i-bambuk-f250-sm,2026-05-18
https://mebelcenter.bg/product/masa-za-kafe-mansu-megapap-cvyat-estestven-buk-80x50x27cm,2026-05-18
https://mebelcenter.bg/product/trapezen-stol-walden-kafyav-7,2026-05-18
https://mebelcenter.bg/product/nastolen-dopalnitelen-essel-megapap-cvyat-estestven-buk-35x35x42cm,2026-05-18
https://mebelcenter.bg/product/prezidentski-ofis-stol-carmen-6514-cheren,2026-05-18
https://mebelcenter.bg/product/trapezen-komplekt-7-chasti-s-raztegatelna-masa-9998408,2026-05-18
https://mebelcenter.bg/product/nastolna-lampa-masa-akerlind-plat-pvcmetalen-cvyat-karboncheren-22x17x36cm,2026-05-18
https://mebelcenter.bg/product/aluminiev-chadar-3x3-s-360-gradusovo-vartene-i-siv-tekstil,2026-05-18
https://mebelcenter.bg/category/tapicirani-legla?shirochina=173-sm,2026-05-18
https://mebelcenter.bg/product/vhodni-mebeli-cvetat-na-megapap-svetesht-oreh-100x30x61cm,2026-05-18
https://mebelcenter.bg/product/komplekt-za-otkrito-3-chasti-laura-s-cheren-metal,2026-05-18
https://mebelcenter.bg/product/prezidentski-ofis-stol-carmen-5006-siv,2026-05-18
https://mebelcenter.bg/product/stol-za-otkrito-leon-s-komforten-shampansko-dizayn,2026-05-18
https://mebelcenter.bg/product/polyoronaki-jiya-me-gkri-beloydo-mayro-metalliko-skeleto-hm872801-60x60x85-ek,2026-05-18
https://mebelcenter.bg/product/vaglishten-cvyat-estestven-buk-104x37x47ec,2026-05-18
https://mebelcenter.bg/product/nastolna-lampa-huls-platdarvometalen-cvyat-estestvencheren-15x24x30cm,2026-05-18
https://mebelcenter.bg/product/mini-masa-roma-megapap-izrabotena-ot-melaminov-cvyat-kafyav-335x335x46ec,2026-05-18
https://mebelcenter.bg/category/mebeli?vendors=mc&page=6,2026-05-18
https://mebelcenter.bg/product/armchair-swivel-bryll-hm959701-grey-boucle-black-metal-base-86x90x97hcm,2026-05-18
https://mebelcenter.bg/product/pokrivna-lampa-ariana-e27-metalna-ednosveteshta-cherna-26x26x70cm,2026-05-18
https://mebelcenter.bg/product/trapezen-stol-maggie-v-sivo,2026-05-18
https://mebelcenter.bg/product/komplekt-holni-masi-zina-909045-sm-i-604040sm-mdf-plot-oreh-s-cherno,2026-05-18
https://mebelcenter.bg/product/tapicirana-vazglavnica-moka-42x42x3-za-gradinski-stolove,2026-05-18
https://mebelcenter.bg/product/pokrivna-lampa-lucifer-e27-plat-ednosvetlen-cvyat-cheren-30x20x70cm,2026-05-18
https://mebelcenter.bg/product/tv-sastav-hera-megapap-cvyat-sapfir-dab-byal-170x37x45cm,2026-05-18
https://mebelcenter.bg/product/detska-lampa-papilia-e27-metal-ednosvetesht-byal-cvyat-rozov-20x20x60cm,2026-05-18
https://mebelcenter.bg/product/dining-chair-lucie-hm824201-white-with-metallic-legs-56x57x80-cm,2026-05-18
https://mebelcenter.bg/category/ofis-stolove-1?visochina-sedalka-ot-zemyata=41-51-sm&page=5,2026-05-18
https://mebelcenter.bg/product/bar-stol-brea-2-bejov,2026-05-18
https://mebelcenter.bg/product/pomoshtna-holna-masa-flen-dab-ankona,2026-05-18
https://mebelcenter.bg/vendor/mp?page=2,2026-05-18
https://mebelcenter.bg/product/relaks-kreslo-ema-ekryu-fatima,2026-05-18
https://mebelcenter.bg/product/chair-with-wooden-legs-and-seat-beige-fabric-twist-hm012653-44x53x815-cm,2026-05-18
https://mebelcenter.bg/selection/nalichni?page=2,2026-05-18
https://mebelcenter.bg/product/chair-with-wooden-legs-and-seat-twist-pp-red-hm846004-46x50x82-cm,2026-05-18
https://mebelcenter.bg/product/hm012212-armchair-relax-dusty-pink-velvet-recline-mechanism-80x95x103,2026-05-18
https://mebelcenter.bg/product/kreslo-sana-metalna-ramka-siv-bukle,2026-05-18
https://mebelcenter.bg/product/tablica-levico-megapap-mdf-metalen-cvyat-pushen-oreh-120x70x75cm,2026-05-18
https://mebelcenter.bg/product/pokrivna-lampa-alaba-e27-metal-staklen-ednosvetesht-cvyat-cheren-15x15x65cm,2026-05-18
https://mebelcenter.bg/product/trapezen-stol-s-podlakatnici-runa-tikovo-darvo-estestven-cvyat-vaje,2026-05-18
https://mebelcenter.bg/category/gradinski-stolove?page=14,2026-05-18
https://mebelcenter.bg/product/mini-masi-elips-megapap-izraboten-ot-melaminov-cvyat-oak-bejov-mramor-efekt-116x46x46ec,2026-05-18
https://mebelcenter.bg/category/darveni-stolove-s-podlakatnici?page=5,2026-05-18
https://mebelcenter.bg/product/ergonomichen-stol-caen-cheren,2026-05-18
https://mebelcenter.bg/vendor/carmen?page=54,2026-05-18
https://mebelcenter.bg/product/magazin-milky-megapap-plat-cvyat-kafyav-byal-40x40x40cm,2026-05-18
https://mebelcenter.bg/product/sastav-za-dnevna-2-chasti-melamin-v-naturalen-dab-9996502,2026-05-18
https://mebelcenter.bg/product/pokrivna-lampa-lusita-e27-metal-ednosvetesht-cvyat-zlato-20x20x70cm,2026-05-18
https://mebelcenter.bg/product/stenen-zakachalka-kery-megapap-izrabotena-ot-melaminov-cvyat-gayka-pushach-80x11x18ec,2026-05-18
https://mebelcenter.bg/products/mc-71435,2026-05-18
https://mebelcenter.bg/product/biblioteka-melaminov-stenen-raft-ogden-megapap-cvyat-byal-345x30x180cm,2026-05-18
https://mebelcenter.bg/product/komplekt-za-vanshno-hranene-3-chasti-s-podvijen-plot-ot-tikovo-darvo,2026-05-18
https://mebelcenter.bg/product/armchair-trudi-hm863901-grey-velvet-with-silver-frame-83x75x76-cm,2026-05-18
https://mebelcenter.bg/product/hm313003-armchair-albertchesterfield-style-cypress-green-velvet-118x89x70,2026-05-18
https://mebelcenter.bg/products/mc-71226,2026-05-18
https://mebelcenter.bg/product/armchair-ariadne-hm800121-white-polypropylene-black-metal-legs-63x56x80hcm,2026-05-18
https://mebelcenter.bg/product/matrak-cashmere-dream-dvulicev,2026-05-18
https://mebelcenter.bg/product/pokrivna-lampa-tavan-amos-e27-metal-monoluminescenten-cvyat-cheren-26x26x65cm,2026-05-18
https://mebelcenter.bg/product/melamin-biblioteka-sol-megapap-cvyat-byal-882x20x82cm,2026-05-18
https://mebelcenter.bg/category/antre?page=7,2026-05-18
https://mebelcenter.bg/product/tapicirano-leglo-malena-vkl-podmatrachna-ramka-150200-sm-damaska-nabuk-bejovo,2026-05-18
https://mebelcenter.bg/product/trimestno-kanape-greta-tamnosin-po,2026-05-18
https://mebelcenter.bg/category/shezlongi?page=3,2026-05-18
https://mebelcenter.bg/category/dnevna?vendors=halmar&page=5,2026-05-18
https://mebelcenter.bg/category/gradinski-mebeli?page=36,2026-05-18
https://mebelcenter.bg/product/chair-rosalind-hm927603-cypress-green-velvet-with-metal-legs-in-gold-color-49x62x93h-cm,2026-05-18
https://mebelcenter.bg/product/masajno-relaks-kreslo-terea-cherno,2026-05-18
https://mebelcenter.bg/product/obuvki-buffets-cube-megapap-16-chifta-melamin-cvyat-byal-oak-92x31x92cm,2026-05-18
https://mebelcenter.bg/product/raboten-ofis-stol-carmen-7033-sinyo-cheren,2026-05-18
https://mebelcenter.bg/product/metalno-stolche-amore-white-za-stilna-i-elegantnost,2026-05-18
https://mebelcenter.bg/product/ergonomichen-stol-jasper-cheren,2026-05-18
https://mebelcenter.bg/product/drehi-ricardo-megapap-trilistna-s-chekmedjeta-cvyat-byal-120x518x181cm,2026-05-18
https://mebelcenter.bg/product/trimestno-kanape-greta-jalto-hlr,2026-05-18
https://mebelcenter.bg/product/stenen-zakachalka-popy-megapap-izraboten-ot-metal-melamin-cvyat-byal-cheren-80x152x203cm,2026-05-18
https://mebelcenter.bg/category/bar-stolove?page=4,2026-05-18
https://mebelcenter.bg/product/posetitelski-stol-carmen-1137-lux-cheren,2026-05-18
https://mebelcenter.bg/product/seriya-stol-intrepid-praktichen-aluminiev-stol-v-zelen-cvyat-40x38x425-55hcm,2026-05-18
https://mebelcenter.bg/product/sgavaema-darvena-gradinska-masa-silke-2,2026-05-18
https://mebelcenter.bg/product/ogledalo-go-74-x-117-x-4-cm-dab-sonoma,2026-05-18
https://mebelcenter.bg/product/stenna-lampa-e27-stena-neprozrachen-metalen-cvyat-cheren-f10x35cm,2026-05-18
https://mebelcenter.bg/product/dining-chair-melita-hm864108-metal-in-blue-color-43x50x82hcm,2026-05-18
https://mebelcenter.bg/product/pokrivna-lampa-thora-e27-metalna-ednosveteshta-zlatna-podlojka-22x22x70cm,2026-05-18
https://mebelcenter.bg/product/televizionna-mebelna-stena-albares-megapap-s-led-cvyat-vaglerod-150x296x22cm,2026-05-18
https://mebelcenter.bg/category/mebeli?page=202,2026-05-18
https://mebelcenter.bg/product/nastolna-lampa-masa-akerlind-plat-pvcmetalen-cvyat-svetlo-sivocherno-22x17x36cm,2026-05-18
https://mebelcenter.bg/product/pokrivna-lampa-retro-e27-metalna-ednosvetitelna-cherna-f30x70cm,2026-05-18
https://mebelcenter.bg/product/bar-stol-lazio-zelen,2026-05-18
https://mebelcenter.bg/selection/dosto-leva?&page=7,2026-05-18
https://mebelcenter.bg/product/holna-masa-ismena,2026-05-18
https://mebelcenter.bg/product/drehi-ricardo-megapap-shest-pati-s-tavansko-pomeshtenie-i-chekmedjeta-cvyat-byal-240x518x240cm,2026-05-18
https://mebelcenter.bg/product/ofis-na-rabota-bleyk-megapap-cvyat-byal-145x45x74cm,2026-05-18
https://mebelcenter.bg/product/zakachalka-rt-s-084-dab-sonoma,2026-05-18
https://mebelcenter.bg/product/konzola-keri-megapap-cvyat-siv-beton-120x33x90cm,2026-05-18
https://mebelcenter.bg/product/raztegatelna-trapezna-masa-stargard-x-bejova,2026-05-18
https://mebelcenter.bg/product/holna-masa-plock-s-x-bejova,2026-05-18
https://mebelcenter.bg/product/leglo-avinyon-s-plyushen-dizayn-v-rozovo,2026-05-18
https://mebelcenter.bg/product/mindi-megapap-metalno-prane-mebeli-melamin-cvyat-cheren-mramor-efekt-66x34x160cm,2026-05-18
https://mebelcenter.bg/product/chair-roxie-hm832801-with-brown-pu-47x60x99-cm,2026-05-18
https://mebelcenter.bg/product/bar-stol-h-95-tamno-cheren,2026-05-18
https://mebelcenter.bg/product/leglo-kingston-megapap-kadife-sas-sahraneno-prostranstvo-sinyo-120x200cm,2026-05-18
https://mebelcenter.bg/product/pokrivna-lampa-pricious-e27-metal-ednosvetesht-cheren-cvyat-bronz-f17x112cm,2026-05-18
https://mebelcenter.bg/product/metalen-stelaj-carmen-cr-1017-180h100h40-sm-do-100-kg-na-raft-cink,2026-05-18
https://mebelcenter.bg/product/pokrivna-lampa-tora-e27-metalna-trisvetlinna-cherna-22x22x70cm,2026-05-18
https://mebelcenter.bg/product/masa-spomagatelni-noshtno-shkafche-bon-megapap-cvyat-siv-retro-40x35x40cm,2026-05-18
https://mebelcenter.bg/product/ergonomichno-reguliruemo-byuro-carmen-cr-4824-cheren,2026-05-18
https://mebelcenter.bg/product/stoul-torino-megapap-plat-cvetni-65x65x40cm,2026-05-18
https://mebelcenter.bg/product/komplekt-za-trapezariya-ot-7-chasti-masa-i-6-stola-9998417,2026-05-18
https://mebelcenter.bg/product/pokrivna-lampa-e27-metal-staklo-dvuosveten-cvyat-zlato-o50x30cm,2026-05-18
https://mebelcenter.bg/product/metalen-shkaf-carmen-cr-1242-2-k,2026-05-18
https://mebelcenter.bg/product/pokrivna-lampa-rozling-mdfpvc-cvyat-cheren-38x21x140cm,2026-05-18
https://mebelcenter.bg/product/kardeks-carmen-cr-1232-k,2026-05-18
https://mebelcenter.bg/product/knijarnica-mito-megapap-cvyat-byal-antika-siv-retro-108x25x161cm,2026-05-18
https://mebelcenter.bg/product/pokrivna-lampa-alaba-e27-metal-staklen-ednosvetesht-cvyat-zlato-15x15x65cm,2026-05-18
https://mebelcenter.bg/product/drehi-victoria-megapap-shestlistna-s-tavanski-cvyat-estestven-buk-300x60x240cm,2026-05-18
https://mebelcenter.bg/product/pokrivna-lampa-meli-metalen-cvyat-cheren-bronz-o28x120cm,2026-05-18
https://mebelcenter.bg/vendor/mc?page=22,2026-05-18
https://mebelcenter.bg/product/drehi-16-magazin-za-obuvki-diamond-megapap-ednolistna-v-byalo-50x35x187cm,2026-05-18
https://mebelcenter.bg/product/televizionni-mebeli-samolet-megapap-izraboten-ot-melamin-cvyat-byal-150x32x46ec,2026-05-18
https://mebelcenter.bg/product/luksozen-matrak-matterra-dvulicev,2026-05-18
https://mebelcenter.bg/product/podov-raft-noshtno-shkafche-darven-plastmasov-cvyat-estestven-bejov-37x29x79cm,2026-05-18
https://mebelcenter.bg/product/pokrivna-lampa-marit-e27-darvenmetalen-tri-svetal-orehcheren-50x15x65cm,2026-05-18
https://mebelcenter.bg/product/stenna-lampa-e27-metalen-cvyat-zlato-10x12x32cm,2026-05-18
https://mebelcenter.bg/product/dining-chair-rammer-hm974401-rubberwood-in-walnut-grey-fabric-57x55x86hcm,2026-05-18
https://mebelcenter.bg/product/garderob-za-banya-millay-megapap-prane-mebeli-izraboteni-ot-melamin-cvyat-byal-70x70x180cm,2026-05-18
https://mebelcenter.bg/product/bar-stol-bezu-pyasachno-kafyav-rg,2026-05-18
https://mebelcenter.bg/category/gradinski-stolove?kind=armchairs&page=4,2026-05-18
https://mebelcenter.bg/product/belfast-megapap-masa-komplekt-5-kvm-tvarda-darvesina-mdf-s-udaljena-masa-150200x89x78cm,2026-05-18
https://mebelcenter.bg/product/kafe-masa-komplekt-2-br-lava-megapap-cvyat-rota-dab-vaglerod-75x485x356cm,2026-05-18
https://mebelcenter.bg/product/bench-ot-estestven-ratan-s-udoben-dizayn-90x42x48hcm,2026-05-18
https://mebelcenter.bg/product/relaks-kreslo-driftley-estestven-viro-tikovo-darvo,2026-05-18
https://mebelcenter.bg/product/stol-za-direktori-limnos-v-oreh-s-tekstil-grey,2026-05-18
https://mebelcenter.bg/product/posetitelski-stol-carmen-1702-1-siv,2026-05-18
https://mebelcenter.bg/product/relaks-kreslo-aurelia-kafyava-pu-koja,2026-05-18
https://mebelcenter.bg/product/tablichen-laptop-sedon-megapap-boya-borov-dab-592x392x262cm,2026-05-18
https://mebelcenter.bg/products/mc-54014,2026-05-18
https://mebelcenter.bg/product/bar-stol-alford-bejov-xv,2026-05-18
https://mebelcenter.bg/product/pokrivna-lampa-dominico-e27-metal-ednosvetesht-cvyat-cheren-24x24x70cm,2026-05-18
https://mebelcenter.bg/product/pokrivna-lampa-gibson-izrabotena-ot-vaje-ednosvetlo-rozovo-30x23x70cm,2026-05-18
https://mebelcenter.bg/category/trapezariya?page=15,2026-05-18
https://mebelcenter.bg/product/armchair-sawyer-hm852303-from-velvet-cyppress-green-color-with-gold-legs-55x60x83-cm,2026-05-18
https://mebelcenter.bg/vendor/mp?page=35,2026-05-18
https://mebelcenter.bg/product/divan-leglo-ece-megapap-trimestna-materiya-s-cvyat-karbonat-215x90x88ek,2026-05-18
https://mebelcenter.bg/product/gradinska-lyulka-hm597902-trimestna-170x110x153sm-kafyavo,2026-05-18
https://mebelcenter.bg/product/pokrivna-lampa-andros-e27-metal-vaje-ednosvetlo-cherno-estestven-o30x70cm,2026-05-18
https://mebelcenter.bg/product/prezidentski-ofis-stol-carmen-7546-cheren,2026-05-18
https://mebelcenter.bg/category/mebeli?page=55,2026-05-18
https://mebelcenter.bg/product/prezidentski-ofis-stol-carmen-6408-oreh-cheren,2026-05-18
https://mebelcenter.bg/product/armchair-mylie-hm839407-pistachio-green-velvet-66x75x91hcm,2026-05-18
https://mebelcenter.bg/product/stenno-ogledalo-piar-megapap-cvyat-byal-60x146x150cm,2026-05-18
https://mebelcenter.bg/products/mc-76114,2026-05-18
https://mebelcenter.bg/category/trapezni-masi,2026-05-18
https://mebelcenter.bg/product/darven-podov-raft-plastmasov-cvyat-estestven-bejov-41x33x113cm,2026-05-18
https://mebelcenter.bg/product/leglo-odeliya-s-tamen-siv-plat-za-luksozen-interior,2026-05-18
https://mebelcenter.bg/category/trapezni-stolove?page=16,2026-05-18
https://mebelcenter.bg/product/pokrivna-lampa-arden-e27-metal-tri-svetlina-cvyat-zlato-rekolta-72x20x26cm,2026-05-18
https://mebelcenter.bg/product/rocker-velvet-armchair-paulina-hm839909-in-gold-76x86x76-cm,2026-05-18
https://mebelcenter.bg/product/ortopedichen-matrak-ergo-disc-dvulicev,2026-05-18
https://mebelcenter.bg/product/gradinska-lyulka-kreslo-hm599710-90x75x190sm-vkl-vazglavnici-sintetichen-pvc-ratan-sivo,2026-05-18
https://mebelcenter.bg/category/trapezni-stolove?color=mint,2026-05-18
https://mebelcenter.bg/product/pokrivna-lampa-marit-e27-darvenmetalen-dvuosveten-orehcheren-40x15x65cm,2026-05-18
https://mebelcenter.bg/category/mebeli?page=208,2026-05-18
https://mebelcenter.bg/product/noshtno-shkafche-emili-megapap-cvyat-antraks-45x42x55cm,2026-05-18
https://mebelcenter.bg/category/gradinski-komplekti?vendors=mc&page=2,2026-05-18
https://mebelcenter.bg/vendor/megapap-92877697?page=22,2026-05-18
https://mebelcenter.bg/product/kardeks-carmen-cr-1254-gr,2026-05-18
https://mebelcenter.bg/product/pokrivna-lampa-rosie-plat-tri-svetli-cvyat-cherno-15x15x90cm,2026-05-18
https://mebelcenter.bg/product/melaminova-obuvka-luce-megapap-12-chifta-cvyat-oreh-70x35x85cm,2026-05-18
https://mebelcenter.bg/product/komplekt-5-chasti-s-masa-120x80x755-byala-za-gradina,2026-05-18
https://mebelcenter.bg/category/gradinski-stolove?page=19,2026-05-18
https://mebelcenter.bg/product/pokrivna-lampa-kenedi-e27-metal-staklo-dvuosveten-cvyat-zlato-o25x80cm,2026-05-18
https://mebelcenter.bg/product/detska-lampa-gufi-plat-monofoto-sas-sladko-meche-28x21x70cm,2026-05-18
https://mebelcenter.bg/product/vhodni-mebeli-lores-megapap-cvyat-byal-oreh-80x313x415cm,2026-05-18
https://mebelcenter.bg/product/pokrivna-lampa-lela-e27-metal-ednosvetesht-cvyat-cheren-o31x100cm,2026-05-18
https://mebelcenter.bg/product/ergonomichen-stol-franca-cheren,2026-05-18